identifier,name,type,soc,arch,released,discontinued,boards,models,appledb_key
312,"PowerBook G3 (1st Series, Wallstreet)",PowerBook,,PowerPC,1998-05-06,,,M4753,"PowerBook,312"
313,PowerBook G3,PowerBook,,PowerPC,1997-11-10,,,M3553,"PowerBook,313"
314,"PowerBook G3 (1st Series, Mainstreet)",PowerBook,,PowerPC,1998-05-06,,,M4753,"PowerBook,314"
406,PowerBook G3 (2nd Series),PowerBook,,PowerPC,1998-09-01,,,M4753,"PowerBook,406"
510,Power Macintosh G3 (All-in-One),PowerMac,,PowerPC,1998-03-31,,,M4787,"PowerMac,510-All-in-One"
510,Power Macintosh G3 (Desktop),PowerMac,,PowerPC,1997-11-10,,,M3979,"PowerMac,510-Desktop"
510,Power Macintosh G3 (Mini Tower),PowerMac,,PowerPC,1997-11-10,,,M4405,"PowerMac,510-Mini-Tower"
"ADP2,1",Developer Transition Kit,Mac Pro,,x86,2005-06-06,,EV91510A,A1093,"ADP2,1"
"ADP3,1",Developer Transition Kit,Mac mini,A12Z,arm64e,,,J273AP,,"ADP3,1"
"ADP3,2",Developer Transition Kit,Mac mini,A12Z,arm64e,2020-06-22,,J273aAP,A2330,"ADP3,2"
"ATVRemote1,1",Siri Remote (1st generation),Remote,,,2015-10-26,,B239AP,A1513,"ATVRemote1,1"
"ATVRemote1,2","Siri Remote (1st generation, Rev A)",Remote,,,2017-09-12,,B439AP,A1962,"ATVRemote1,2"
"ATVRemote1,3",Siri Remote (2nd generation),Remote,,,2021-05-21,,B519AP,A2540,"ATVRemote1,3"
"ATVRemote1,4",Siri Remote (3rd generation),Remote,,,2022-10-18,,B519aAP,A2854,"ATVRemote1,4"
"AirPods1,1","AirPods (Left, 1st generation)",AirPods,W1,armv6,2016-12-19,2019-03-20,B188AP,A1722,"AirPods1,1-left"
"AirPods1,1","AirPods (Right, 1st generation)",AirPods,W1,armv6,2016-12-19,2019-03-20,B188AP,A1523,"AirPods1,1-right"
"AirPods1,2","AirPods (Left, 2nd generation)",AirPods,H1,armv7,2019-03-20,2024-09-10,B288AP,A2031,"AirPods1,2-left"
"AirPods1,2","AirPods (Right, 2nd generation)",AirPods,H1,armv7,2019-03-20,2024-09-10,B288AP,A2032,"AirPods1,2-right"
"AirPods1,3","AirPods (Left, 3rd generation)",AirPods,H1,armv7,2021-10-26,2024-09-10,B688AP,A2564,"AirPods1,3-left"
"AirPods1,3","AirPods (Right, 3rd generation)",AirPods,H1,armv7,2021-10-26,2024-09-10,B688AP,A2565,"AirPods1,3-right"
"AirPods1,4",Charging Case for AirPods 4,AirPods,,,2024-09-20,2026-09-09,B735EAP,A3058,"AirPods1,4-case"
"AirPods1,4",AirPods 4 (Left),AirPods,H2,,2024-09-20,2026-09-09,B768EAP,"A3053, A3054","AirPods1,4-left"
"AirPods1,4",AirPods 4 (Right),AirPods,H2,,2024-09-20,2026-09-09,B768EAP,"A3050, A3054","AirPods1,4-right"
"AirPods1,5",Wireless Charging Case for AirPods 4 (ANC),AirPods,,,2024-09-20,2026-09-09,B735MAP,A3059,"AirPods1,5-case"
"AirPods1,5",AirPods 4 with Active Noise Cancellation (Left),AirPods,H2,,2024-09-20,2026-09-09,B768MAP,"A3055, A3057","AirPods1,5-left"
"AirPods1,5",AirPods 4 with Active Noise Cancellation (Right),AirPods,H2,,2024-09-20,2026-09-09,B768MAP,"A3056, A3057","AirPods1,5-right"
"AirPods2,1","AirPods (Left, 2nd generation)",AirPods,H1,armv7,2019-03-20,2024-09-10,B288AP,A2031,"AirPods1,2-left"
"AirPods2,1","AirPods (Right, 2nd generation)",AirPods,H1,armv7,2019-03-20,2024-09-10,B288AP,A2032,"AirPods1,2-right"
"AirPods2,2","AirPods Pro (Left, 1st generation)",AirPods,H1,armv7,2019-10-30,2022-09-07,B298AP,A2083,"AirPodsPro1,1-left"
"AirPods2,2","AirPods Pro (Right, 1st generation)",AirPods,H1,armv7,2019-10-30,2022-09-07,B298AP,A2084,"AirPodsPro1,1-right"
"AirPods3,1","AirPods Pro (Left, 2nd generation)",AirPods,H2,,2022-09-23,2023-09-12,B698AP,"A2618, A2699, A2931","AirPodsPro1,2-left"
"AirPods3,1","AirPods Pro (Right, 2nd generation)",AirPods,H2,,2022-09-23,2023-09-12,B698AP,"A2619, A2698, A2931","AirPodsPro1,2-right"
"AirPods3,1",MagSafe Charging Case (USB-C) for AirPods Pro (2nd generation),AirPods,,,2023-09-22,2025-09-09,B627CAP,A2968,"AirPodsPro1,2-usbc-case"
"AirPods3,1","AirPods Pro (Left, 2nd generation)",AirPods,H2,,2023-09-22,2025-09-09,B698CAP,"A3048, A3049","AirPodsPro1,2-usbc-left"
"AirPods3,1","AirPods Pro (Right, 2nd generation)",AirPods,H2,,2023-09-22,2025-09-09,B698CAP,"A3047, A3049","AirPodsPro1,2-usbc-right"
"AirPods3,2",Charging Case for AirPods 4,AirPods,,,2024-09-20,2026-09-09,B735EAP,A3058,"AirPods1,4-case"
"AirPods3,2",AirPods 4 (Left),AirPods,H2,,2024-09-20,2026-09-09,B768EAP,"A3053, A3054","AirPods1,4-left"
"AirPods3,2",AirPods 4 (Right),AirPods,H2,,2024-09-20,2026-09-09,B768EAP,"A3050, A3054","AirPods1,4-right"
"AirPods3,3",Wireless Charging Case for AirPods 4 (ANC),AirPods,,,2024-09-20,2026-09-09,B735MAP,A3059,"AirPods1,5-case"
"AirPods3,3",AirPods 4 with Active Noise Cancellation (Left),AirPods,H2,,2024-09-20,2026-09-09,B768MAP,"A3055, A3057","AirPods1,5-left"
"AirPods3,3",AirPods 4 with Active Noise Cancellation (Right),AirPods,H2,,2024-09-20,2026-09-09,B768MAP,"A3056, A3057","AirPods1,5-right"
"AirPods3,4",MagSafe Charging Case for AirPods Pro 3,AirPods,,,2025-09-19,,B747AP,A3122,"AirPodsPro1,3-case"
"AirPods3,4",AirPods Pro 3 (Left),AirPods,H2,,2025-09-19,,B788AP,"A3064, A3065","AirPodsPro1,3-left"
"AirPods3,4",AirPods Pro 3 (Right),AirPods,H2,,2025-09-19,,B788AP,"A3063, A3065","AirPodsPro1,3-right"
"AirPods3,6",AirPods Max 2,AirPods,H2,,2026-04-01,,B515dAP,A3454,"AirPodsMax1,2"
"AirPods3,7",Charging Case for AirPods 5,AirPods,,,2026-09-18,,,A3530,"AirPods3,7-case"
"AirPods3,7",AirPods 5 (Left),AirPods,H2,,2026-09-18,,B868EAP,"A3532, A3533","AirPods3,7-left"
"AirPods3,7",AirPods 5 (Right),AirPods,H2,,2026-09-18,,B868EAP,"A3531, A3533","AirPods3,7-right"
"AirPods3,8",Wireless Charging Case for AirPods 5,AirPods,,,2026-09-18,,,A3529,"AirPods3,8-case"
"AirPods3,8",AirPods 5 with Wireless Charging Case (Left),AirPods,H2,,2026-09-18,,B868MAP,"A3440, A3441","AirPods3,8-left"
"AirPods3,8",AirPods 5 with Wireless Charging Case (Right),AirPods,H2,,2026-09-18,,B868MAP,"A3439, A3441","AirPods3,8-right"
"AirPodsMax1,1",AirPods Max,AirPods,H1,armv7,2020-12-15,2024-09-09,B515AP,A2096,"AirPodsMax1,1"
"AirPodsMax1,1",AirPods Max with USB-C,AirPods,H1,armv7,2024-09-20,2026-03-16,B515cAP,A3184,"AirPodsMax1,1-usbc"
"AirPodsMax1,2",AirPods Max 2,AirPods,H2,,2026-04-01,,B515dAP,A3454,"AirPodsMax1,2"
"AirPodsPro1,1","AirPods Pro (Left, 1st generation)",AirPods,H1,armv7,2019-10-30,2022-09-07,B298AP,A2083,"AirPodsPro1,1-left"
"AirPodsPro1,1","AirPods Pro (Right, 1st generation)",AirPods,H1,armv7,2019-10-30,2022-09-07,B298AP,A2084,"AirPodsPro1,1-right"
"AirPodsPro1,2","AirPods Pro (Left, 2nd generation)",AirPods,H2,,2022-09-23,2023-09-12,B698AP,"A2618, A2699, A2931","AirPodsPro1,2-left"
"AirPodsPro1,2","AirPods Pro (Right, 2nd generation)",AirPods,H2,,2022-09-23,2023-09-12,B698AP,"A2619, A2698, A2931","AirPodsPro1,2-right"
"AirPodsPro1,2",MagSafe Charging Case (USB-C) for AirPods Pro (2nd generation),AirPods,,,2023-09-22,2025-09-09,B627CAP,A2968,"AirPodsPro1,2-usbc-case"
"AirPodsPro1,2","AirPods Pro (Left, 2nd generation)",AirPods,H2,,2023-09-22,2025-09-09,B698CAP,"A3048, A3049","AirPodsPro1,2-usbc-left"
"AirPodsPro1,2","AirPods Pro (Right, 2nd generation)",AirPods,H2,,2023-09-22,2025-09-09,B698CAP,"A3047, A3049","AirPodsPro1,2-usbc-right"
"AirPodsPro1,3",MagSafe Charging Case for AirPods Pro 3,AirPods,,,2025-09-19,,B747AP,A3122,"AirPodsPro1,3-case"
"AirPodsPro1,3",AirPods Pro 3 (Left),AirPods,H2,,2025-09-19,,B788AP,"A3064, A3065","AirPodsPro1,3-left"
"AirPodsPro1,3",AirPods Pro 3 (Right),AirPods,H2,,2025-09-19,,B788AP,"A3063, A3065","AirPodsPro1,3-right"
"AirPort10,115",AirPort Express 802.11n (2nd generation),AirPort,,,2012-06-11,,K31AP,A1392,"AirPort10,115"
"AirPort4,102",AirPort Express 802.11g,AirPort,,,2004-06-07,,,"A1084, A1088","AirPort4,102"
"AirPort4,107",AirPort Express 802.11n (1st generation),AirPort,,,2008-03-17,,M48AP,A1264,"AirPort4,107"
"AirPort5,104",AirPort Extreme (1st generation),AirPort,,,2007-01-09,,M28AP,A1143,"AirPort5,104"
"AirPort5,105",AirPort Extreme (2nd generation),AirPort,,,2007-08-07,,M91AP,A1143,"AirPort5,105"
"AirPort5,108",AirPort Extreme (3rd generation),AirPort,,,2009-03-03,,K10AP,A1301,"AirPort5,108"
"AirPort5,114",AirPort Extreme (4th generation),AirPort,,,2009-10-20,,K10aAP,A1354,"AirPort5,114"
"AirPort5,117",AirPort Extreme (5th generation),AirPort,,,2011-06-21,,K10bAP,A1408,"AirPort5,117"
"AirPort7,120",AirPort Extreme (6th generation),AirPort,,,2013-06-10,,J28eAP,A1521,"AirPort7,120"
"AirTag1,1",AirTag,AirTag,nRF52832,armv7,2021-04-30,,B389AP,A2187,"AirTag1,1"
"AppleDisplay18,1",Studio Display XDR,Display,A19 Pro,arm64e,2026-03-11,,J427AP,A3348,"AppleDisplay18,1"
"AppleDisplay18,2",Studio Display (2026),Display,A19,arm64e,2026-03-11,,J527AP,A3350,"AppleDisplay18,2"
"AppleDisplay2,1",Studio Display,Display,A13,arm64e,2022-03-18,2026-03-03,J327AP,A2525,"AppleDisplay2,1"
"AppleTV1,1",Apple TV (1st generation),Apple TV,Pentium M,x86,2007-03-21,2009-09-14,Mac-F4228DC8,A1218,"AppleTV1,1"
"AppleTV11,1",Apple TV 4K (2nd generation),Apple TV,A12,arm64e,2021-05-21,2022-10-18,J305AP,A2169,"AppleTV11,1"
"AppleTV14,1",Apple TV 4K (3rd generation) Wi-Fi + Ethernet,Apple TV,A15,arm64e,2022-11-04,,J255AP,A2843,"AppleTV14,1"
"AppleTV14,1",Apple TV 4K (3rd generation) Wi-Fi,Apple TV,A15,arm64e,2022-11-04,,J255AP,A2737,"AppleTV14,1-wifi"
"AppleTV14,4",Unreleased Apple TV,Apple TV,,,,,,,"AppleTV14,4"
"AppleTV14,5",Unreleased Apple TV,Apple TV,,,,,,,"AppleTV14,5"
"AppleTV2,1",Apple TV (2nd generation),Apple TV,A4,armv7,2010-09-28,2012-03-07,K66AP,A1378,"AppleTV2,1"
"AppleTV3,1",Apple TV (3rd generation),Apple TV,A5,armv7,2012-03-16,2013-03-10,J33AP,A1427,"AppleTV3,1"
"AppleTV3,2","Apple TV (3rd generation, Rev A)",Apple TV,A5,armv7,2013-03-10,2016-10-03,J33iAP,A1469,"AppleTV3,2"
"AppleTV5,3",Apple TV HD (4th generation),Apple TV,A8,arm64,2015-10-30,2017-09-12,J42dAP,A1625,"AppleTV5,3"
"AppleTV6,2",Apple TV 4K (1st generation),Apple TV,A10X,arm64,2017-09-22,2021-04-20,J105aAP,A1842,"AppleTV6,2"
"Audio2,1","AirPods (Left, 3rd generation)",AirPods,H1,armv7,2021-10-26,2024-09-10,B688AP,A2564,"AirPods1,3-left"
"Audio2,1","AirPods (Right, 3rd generation)",AirPods,H1,armv7,2021-10-26,2024-09-10,B688AP,A2565,"AirPods1,3-right"
"Audio2,2",Beats Fit Pro Charging Case,Beats Earbuds,H1,,2021-11-05,,B494AP,A2578,"BeatsFitPro1,1-case"
"Audio2,2",Beats Fit Pro (Left),Beats Earbuds,H1,,2021-11-05,,B494AP,A2576,"BeatsFitPro1,1-left"
"Audio2,2",Beats Fit Pro (Right),Beats Earbuds,H1,,2021-11-05,,B494AP,A2577,"BeatsFitPro1,1-right"
"AudioAccessory1,1",HomePod (1st generation),HomePod,A8,arm64,2018-02-09,2021-03-12,B238aAP,A1639,"AudioAccessory1,1"
"AudioAccessory1,2","HomePod (1st generation, Unknown Model)",HomePod,A8,arm64,2018-02-09,2021-03-12,B238AP,,"AudioAccessory1,2"
"AudioAccessory5,1",HomePod mini,HomePod,S5,arm64e,2020-11-16,,B520AP,A2374,"AudioAccessory5,1"
"AudioAccessory5,1",HomePod mini (China Mainland),HomePod,S5,arm64e,2020-12-11,,B520AP,A2531,"AudioAccessory5,1-CHN"
"AudioAccessory6,1",HomePod (2nd generation),HomePod,S7,arm64e,2023-02-03,,B620AP,A2825,"AudioAccessory6,1"
"AudioAccessory6,1",HomePod (2nd generation) (China Mainland),HomePod,S7,arm64e,2023-02-03,,B620AP,A2878,"AudioAccessory6,1-CHN"
"AudioAccessorySingle5,1",HomePod mini,HomePod,S5,arm64e,2020-11-16,,B520AP,A2374,"AudioAccessory5,1"
"Beats3601,1",Beats 360,Beats Headphones,,,2026-09-24,,B518AP,A3577,"Beats3601,1"
"BeatsFitPro1,1",Beats Fit Pro Charging Case,Beats Earbuds,H1,,2021-11-05,,B494AP,A2578,"BeatsFitPro1,1-case"
"BeatsFitPro1,1",Beats Fit Pro (Left),Beats Earbuds,H1,,2021-11-05,,B494AP,A2576,"BeatsFitPro1,1-left"
"BeatsFitPro1,1",Beats Fit Pro (Right),Beats Earbuds,H1,,2021-11-05,,B494AP,A2577,"BeatsFitPro1,1-right"
"BeatsFlex1,1",Beats Flex,Beats Earbuds,W1,,2020-10-21,,B372AP,A2295,"BeatsX2,1"
"BeatsPill1,2",Beats Pill (3rd generation),Beats Speakers,,,2024-06-27,,B487AP,A3211,"BeatsPill1,2"
"BeatsSolo3,1",Beats Solo³ Wireless,Beats Headphones,W1,,2016-09-07,,B352AP,A1796,"BeatsSolo3,1"
"BeatsSolo3,1",Beats Solo³ Wireless LINE Friends Edition,Beats Headphones,W1,,2017-08-03,,B352AP,A1796,"BeatsSolo3,1-line"
"BeatsSolo3,1",Beats Solo³ Wireless Mowalola Edition,Beats Headphones,W1,,2023-09-21,,B352AP,A1796,"BeatsSolo3,1-mawalola"
"BeatsSolo3,1",Beats Solo³ Wireless Mickey's 90th Anniversary Edition,Beats Headphones,W1,,2018-11-11,,B352AP,A1796,"BeatsSolo3,1-mickey"
"BeatsSolo3,1",Beats Solo³ NAYVA Club Collection,Beats Headphones,W1,,2019-06-12,,B352AP,A1796,"BeatsSolo3,1-nayva"
"BeatsSolo3,1",Beats Solo³ Wireless New Year Special Edition,Beats Headphones,W1,,2019-01-04,,B352AP,A1796,"BeatsSolo3,1-newyears"
"BeatsSolo3,1",Beats Solo³ Wireless Third Man Records Edition,Beats Headphones,W1,,2017-11-24,,B352AP,A1796,"BeatsSolo3,1-thirdman"
"BeatsSolo4,1",Beats Solo 4,Beats Headphones,,,2024-05-02,,B465AP,A3140,"BeatsSolo4,1"
"BeatsSolo4,1",Beats Solo 4 - JENNIE,Beats Headphones,,,2025-09-05,,B465AP,A3140,"BeatsSolo4,1-jennie"
"BeatsSolo4,1",Beats Solo 4 Minecraft Edition,Beats Headphones,,,2024-07-18,,B465AP,A3140,"BeatsSolo4,1-minecraft"
"BeatsSolo4,1",Beats Solo 4 Sandy Liang Edition,Beats Headphones,,,2025-03-04,,B465AP,A3140,"BeatsSolo4,1-sandyliang"
"BeatsSoloBuds1,1",Beats Solo Buds Charging Case,Beats Earbuds,,,2024-06-20,,B463AP,A3152,"BeatsSoloBuds1,1-case"
"BeatsSoloBuds1,1",Beats Solo Buds (Left),Beats Earbuds,,,2024-06-20,,B463AP,"A3151, A3153","BeatsSoloBuds1,1-left"
"BeatsSoloBuds1,1",Beats Solo Buds (Right),Beats Earbuds,,,2024-06-20,,B463AP,"A3150, A3153","BeatsSoloBuds1,1-right"
"BeatsSoloPro1,1",Beats Solo Pro,Beats Headphones,H1,,2019-10-15,,B419AP,A1881,"BeatsSoloPro1,1"
"BeatsSoloPro1,1",Beats Solo Pro Eastside Golf Edition,Beats Headphones,H1,,2022-02-28,,B419AP,A1881,"BeatsSoloPro1,1-eastside"
"BeatsSoloPro1,1",Beats Solo Pro Verdy Edition,Beats Headphones,H1,,2020-12-19,,B419AP,A1881,"BeatsSoloPro1,1-verdy"
"BeatsStudio3,1",Beats Studio³ Wireless,Beats Headphones,W1,,2017-09-04,,,A1914,"BeatsStudio3,2"
"BeatsStudio3,1",Beats Studio³ Wireless ACW* Edition,Beats Headphones,W1,,2021-10-18,,,A1914,"BeatsStudio3,2-acw"
"BeatsStudio3,1",Beats Studio³ Wireless Connor McGregor Edition,Beats Headphones,W1,,,,,A1914,"BeatsStudio3,2-connor"
"BeatsStudio3,1",Beats Studio³ Wireless Cosmophone,Beats Headphones,W1,,2022-04-01,,,A1914,"BeatsStudio3,2-cosmophone"
"BeatsStudio3,1",Beats Studio³ Wireless DJ Khaled Edition,Beats Headphones,W1,,2018-11-16,,,A1914,"BeatsStudio3,2-djkhaled"
"BeatsStudio3,1",Beats Studio³ Wireless FaZe Clan Edition,Beats Headphones,W1,,2020-11-30,,,A1914,"BeatsStudio3,2-faze"
"BeatsStudio3,1",Beats Studio³ Wireless Ghetto Gastro Edition,Beats Headphones,W1,,2021-08-27,,,A1914,"BeatsStudio3,2-ghetto"
"BeatsStudio3,1",Beats Studio³ Wireless Highground Edition,Beats Headphones,W1,,2021-10-01,,,A1914,"BeatsStudio3,2-highground"
"BeatsStudio3,1",Beats Studio³ Wireless Madhappy Edition,Beats Headphones,W1,,2021-12-09,,,A1914,"BeatsStudio3,2-madhappy"
"BeatsStudio3,1",Beats Studio³ Wireless NBA Collection,Beats Headphones,W1,,2019-02-14,,,A1914,"BeatsStudio3,2-nba"
"BeatsStudio3,1",Beats Studio³ Wireless Neymar Jr. Custom Edition,Beats Headphones,W1,,2019-02-06,,,A1914,"BeatsStudio3,2-neymar"
"BeatsStudio3,1",Beats Studio³ Wireless Psychworld Edition,Beats Headphones,W1,,2021-04-22,,,A1914,"BeatsStudio3,2-psychworld"
"BeatsStudio3,1",Beats Studio³ Wireless Violet Grey Edition,Beats Headphones,W1,,2018-07-12,,,A1914,"BeatsStudio3,2-violet"
"BeatsStudio3,2",Beats Studio³ Wireless,Beats Headphones,W1,,2017-09-04,,,A1914,"BeatsStudio3,2"
"BeatsStudio3,2",Beats Studio³ Wireless ACW* Edition,Beats Headphones,W1,,2021-10-18,,,A1914,"BeatsStudio3,2-acw"
"BeatsStudio3,2",Beats Studio³ Wireless Connor McGregor Edition,Beats Headphones,W1,,,,,A1914,"BeatsStudio3,2-connor"
"BeatsStudio3,2",Beats Studio³ Wireless Cosmophone,Beats Headphones,W1,,2022-04-01,,,A1914,"BeatsStudio3,2-cosmophone"
"BeatsStudio3,2",Beats Studio³ Wireless DJ Khaled Edition,Beats Headphones,W1,,2018-11-16,,,A1914,"BeatsStudio3,2-djkhaled"
"BeatsStudio3,2",Beats Studio³ Wireless FaZe Clan Edition,Beats Headphones,W1,,2020-11-30,,,A1914,"BeatsStudio3,2-faze"
"BeatsStudio3,2",Beats Studio³ Wireless Ghetto Gastro Edition,Beats Headphones,W1,,2021-08-27,,,A1914,"BeatsStudio3,2-ghetto"
"BeatsStudio3,2",Beats Studio³ Wireless Highground Edition,Beats Headphones,W1,,2021-10-01,,,A1914,"BeatsStudio3,2-highground"
"BeatsStudio3,2",Beats Studio³ Wireless Madhappy Edition,Beats Headphones,W1,,2021-12-09,,,A1914,"BeatsStudio3,2-madhappy"
"BeatsStudio3,2",Beats Studio³ Wireless NBA Collection,Beats Headphones,W1,,2019-02-14,,,A1914,"BeatsStudio3,2-nba"
"BeatsStudio3,2",Beats Studio³ Wireless Neymar Jr. Custom Edition,Beats Headphones,W1,,2019-02-06,,,A1914,"BeatsStudio3,2-neymar"
"BeatsStudio3,2",Beats Studio³ Wireless Psychworld Edition,Beats Headphones,W1,,2021-04-22,,,A1914,"BeatsStudio3,2-psychworld"
"BeatsStudio3,2",Beats Studio³ Wireless Violet Grey Edition,Beats Headphones,W1,,2018-07-12,,,A1914,"BeatsStudio3,2-violet"
"BeatsStudioBuds1,1",Beats Studio Buds Charging Case,Beats Earbuds,MediaTek TWS Chip,,2021-06-24,,B507AP,A2514,"BeatsStudioBuds1,1-case"
"BeatsStudioBuds1,1",Beats Studio Buds (Left),Beats Earbuds,MediaTek TWS Chip,,2021-06-24,,B507AP,A2512,"BeatsStudioBuds1,1-left"
"BeatsStudioBuds1,1",Beats Studio Buds (Right),Beats Earbuds,MediaTek TWS Chip,,2021-06-24,,B507AP,A2513,"BeatsStudioBuds1,1-right"
"BeatsStudioBuds1,2",Beats Studio Buds + Charging Case,Beats Earbuds,,,2023-05-17,,B607AP,A2870,"BeatsStudioBuds1,2-case"
"BeatsStudioBuds1,2",Beats Studio Buds + (Left),Beats Earbuds,,,2023-05-17,,B607AP,"A2872, A2952","BeatsStudioBuds1,2-left"
"BeatsStudioBuds1,2",Beats Studio Buds + (Right),Beats Earbuds,,,2023-05-17,,B607AP,"A2871, A2952","BeatsStudioBuds1,2-right"
"BeatsStudioPro1,1",Beats Studio Pro,Beats Headphones,,,2023-07-20,,B453AP,A2924,"BeatsStudioPro1,1"
"BeatsStudioPro1,1",Beats Studio Pro Atlanta United FC Edition,Beats Headphones,,,2024-02-19,,B453AP,A2924,"BeatsStudioPro1,1-atlanta"
"BeatsStudioPro1,1",Beats Studio Pro Columbus Crew Edition,Beats Headphones,,,2024-02-19,,B453AP,A2924,"BeatsStudioPro1,1-columbus"
"BeatsStudioPro1,1",Beats Studio Pro fragment design Edition,Beats Headphones,,,2024,,B453AP,A2924,"BeatsStudioPro1,1-fragment"
"BeatsStudioPro1,1",Beats Studio Pro Kim K Edition,Beats Headphones,,,2024-08-15,,B453AP,A2924,"BeatsStudioPro1,1-kim"
"BeatsStudioPro1,1",Beats Studio Pro Los Angeles FC Edition,Beats Headphones,,,2024-02-19,,B453AP,A2924,"BeatsStudioPro1,1-la"
"BeatsStudioPro1,1",Beats Studio Pro Inter Miami CF Edition,Beats Headphones,,,2024-02-19,,B453AP,A2924,"BeatsStudioPro1,1-miami"
"BeatsStudioPro1,1",Beats Studio Pro Nashville SC Edition,Beats Headphones,,,2024-02-19,,B453AP,A2924,"BeatsStudioPro1,1-nashville"
"BeatsStudioPro1,1",Beats Studio Pro New York City FC Edition,Beats Headphones,,,2024-02-19,,B453AP,A2924,"BeatsStudioPro1,1-nyc"
"BeatsStudioPro1,1",Beats Studio Pro St. Louis City SC Edition,Beats Headphones,,,2024-02-19,,B453AP,A2924,"BeatsStudioPro1,1-stl"
"BeatsStudioPro1,1",Beats Studio Pro Stüssy Edition,Beats Headphones,,,2023-12-15,,B453AP,A2924,"BeatsStudioPro1,1-stussy"
"BeatsStudioPro1,1",Beats Studio Pro Toronto FC Edition,Beats Headphones,,,2024-02-19,,B453AP,A2924,"BeatsStudioPro1,1-toronto"
"BeatsStudioPro1,1",Beats Studio Pro WINDOWSEN Edition,Beats Headphones,,,2024-03-03,,B453AP,A2924,"BeatsStudioPro1,1-windowsen"
"BeatsX1,1",Beatsˣ,Beats Earbuds,W1,,2017-02-10,,B282AP,A1763,"BeatsX1,1"
"BeatsX1,1",Beatsˣ sacai Edition,Beats Earbuds,W1,,2019-03-04,,B282AP,A1763,"BeatsX1,1-sacai"
"BeatsX1,1",Beatsˣ UNDEFEATED Edition,Beats Earbuds,W1,,2018-09-19,,B282AP,A1763,"BeatsX1,1-undefeated"
"BeatsX2,1",Beats Flex,Beats Earbuds,W1,,2020-10-21,,B372AP,A2295,"BeatsX2,1"
"ComputeModule13,1",Private Cloud Compute Node,Compute Module,,,,,J126bAP,,"ComputeModule13,1"
"ComputeModule13,2",Private Cloud Compute Node,Compute Module,,,,,J126cAP,,"ComputeModule13,2"
"ComputeModule13,3",Private Cloud Compute Node,Compute Module,,,,,J126dAP,,"ComputeModule13,3"
"ComputeModule13,5",Private Cloud Compute Baseboard Management Controller,Compute Module,,,,,J236bAP,,"ComputeModule13,5"
"ComputeModule14,1",Private Cloud Compute Node,Compute Module,,,,,J236cAP,A3174,"ComputeModule14,1"
"ComputeModule14,2",Apple PCC Research Environment Virtual Machine 1,Virtual Machine,,,2024-10-24,,VRESEARCH101AP,,"ComputeModule14,2"
"ComputeModule17,2",Private Cloud Compute Node,Compute Module,,,,,J226cAP,,"ComputeModule17,2"
"Device1,21760",AirTag,AirTag,nRF52832,armv7,2021-04-30,,B389AP,A2187,"AirTag1,1"
"Device1,8194","AirPods (Left, 1st generation)",AirPods,W1,armv6,2016-12-19,2019-03-20,B188AP,A1722,"AirPods1,1-left"
"Device1,8194","AirPods (Right, 1st generation)",AirPods,W1,armv6,2016-12-19,2019-03-20,B188AP,A1523,"AirPods1,1-right"
"Device1,8195",Powerbeats³ Wireless,Beats Earbuds,W1,,2016-10-26,,B312AP,A1747,"PowerBeats3,1"
"Device1,8195",Powerbeats³ Wireless Balmain Edition,Beats Earbuds,W1,,2017-07-19,,B312AP,A1747,"PowerBeats3,1-balmain"
"Device1,8197",Beatsˣ,Beats Earbuds,W1,,2017-02-10,,B282AP,A1763,"BeatsX1,1"
"Device1,8197",Beatsˣ sacai Edition,Beats Earbuds,W1,,2019-03-04,,B282AP,A1763,"BeatsX1,1-sacai"
"Device1,8197",Beatsˣ UNDEFEATED Edition,Beats Earbuds,W1,,2018-09-19,,B282AP,A1763,"BeatsX1,1-undefeated"
"Device1,8198",Beats Solo³ Wireless,Beats Headphones,W1,,2016-09-07,,B352AP,A1796,"BeatsSolo3,1"
"Device1,8198",Beats Solo³ Wireless LINE Friends Edition,Beats Headphones,W1,,2017-08-03,,B352AP,A1796,"BeatsSolo3,1-line"
"Device1,8198",Beats Solo³ Wireless Mowalola Edition,Beats Headphones,W1,,2023-09-21,,B352AP,A1796,"BeatsSolo3,1-mawalola"
"Device1,8198",Beats Solo³ Wireless Mickey's 90th Anniversary Edition,Beats Headphones,W1,,2018-11-11,,B352AP,A1796,"BeatsSolo3,1-mickey"
"Device1,8198",Beats Solo³ NAYVA Club Collection,Beats Headphones,W1,,2019-06-12,,B352AP,A1796,"BeatsSolo3,1-nayva"
"Device1,8198",Beats Solo³ Wireless New Year Special Edition,Beats Headphones,W1,,2019-01-04,,B352AP,A1796,"BeatsSolo3,1-newyears"
"Device1,8198",Beats Solo³ Wireless Third Man Records Edition,Beats Headphones,W1,,2017-11-24,,B352AP,A1796,"BeatsSolo3,1-thirdman"
"Device1,8199",Beats Studio³ Wireless,Beats Headphones,W1,,2017-09-04,,,A1914,"BeatsStudio3,2"
"Device1,8199",Beats Studio³ Wireless ACW* Edition,Beats Headphones,W1,,2021-10-18,,,A1914,"BeatsStudio3,2-acw"
"Device1,8199",Beats Studio³ Wireless Connor McGregor Edition,Beats Headphones,W1,,,,,A1914,"BeatsStudio3,2-connor"
"Device1,8199",Beats Studio³ Wireless Cosmophone,Beats Headphones,W1,,2022-04-01,,,A1914,"BeatsStudio3,2-cosmophone"
"Device1,8199",Beats Studio³ Wireless DJ Khaled Edition,Beats Headphones,W1,,2018-11-16,,,A1914,"BeatsStudio3,2-djkhaled"
"Device1,8199",Beats Studio³ Wireless FaZe Clan Edition,Beats Headphones,W1,,2020-11-30,,,A1914,"BeatsStudio3,2-faze"
"Device1,8199",Beats Studio³ Wireless Ghetto Gastro Edition,Beats Headphones,W1,,2021-08-27,,,A1914,"BeatsStudio3,2-ghetto"
"Device1,8199",Beats Studio³ Wireless Highground Edition,Beats Headphones,W1,,2021-10-01,,,A1914,"BeatsStudio3,2-highground"
"Device1,8199",Beats Studio³ Wireless Madhappy Edition,Beats Headphones,W1,,2021-12-09,,,A1914,"BeatsStudio3,2-madhappy"
"Device1,8199",Beats Studio³ Wireless NBA Collection,Beats Headphones,W1,,2019-02-14,,,A1914,"BeatsStudio3,2-nba"
"Device1,8199",Beats Studio³ Wireless Neymar Jr. Custom Edition,Beats Headphones,W1,,2019-02-06,,,A1914,"BeatsStudio3,2-neymar"
"Device1,8199",Beats Studio³ Wireless Psychworld Edition,Beats Headphones,W1,,2021-04-22,,,A1914,"BeatsStudio3,2-psychworld"
"Device1,8199",Beats Studio³ Wireless Violet Grey Edition,Beats Headphones,W1,,2018-07-12,,,A1914,"BeatsStudio3,2-violet"
"Device1,8201",Beats Studio³ Wireless,Beats Headphones,W1,,2017-09-04,,,A1914,"BeatsStudio3,2"
"Device1,8201",Beats Studio³ Wireless ACW* Edition,Beats Headphones,W1,,2021-10-18,,,A1914,"BeatsStudio3,2-acw"
"Device1,8201",Beats Studio³ Wireless Connor McGregor Edition,Beats Headphones,W1,,,,,A1914,"BeatsStudio3,2-connor"
"Device1,8201",Beats Studio³ Wireless Cosmophone,Beats Headphones,W1,,2022-04-01,,,A1914,"BeatsStudio3,2-cosmophone"
"Device1,8201",Beats Studio³ Wireless DJ Khaled Edition,Beats Headphones,W1,,2018-11-16,,,A1914,"BeatsStudio3,2-djkhaled"
"Device1,8201",Beats Studio³ Wireless FaZe Clan Edition,Beats Headphones,W1,,2020-11-30,,,A1914,"BeatsStudio3,2-faze"
"Device1,8201",Beats Studio³ Wireless Ghetto Gastro Edition,Beats Headphones,W1,,2021-08-27,,,A1914,"BeatsStudio3,2-ghetto"
"Device1,8201",Beats Studio³ Wireless Highground Edition,Beats Headphones,W1,,2021-10-01,,,A1914,"BeatsStudio3,2-highground"
"Device1,8201",Beats Studio³ Wireless Madhappy Edition,Beats Headphones,W1,,2021-12-09,,,A1914,"BeatsStudio3,2-madhappy"
"Device1,8201",Beats Studio³ Wireless NBA Collection,Beats Headphones,W1,,2019-02-14,,,A1914,"BeatsStudio3,2-nba"
"Device1,8201",Beats Studio³ Wireless Neymar Jr. Custom Edition,Beats Headphones,W1,,2019-02-06,,,A1914,"BeatsStudio3,2-neymar"
"Device1,8201",Beats Studio³ Wireless Psychworld Edition,Beats Headphones,W1,,2021-04-22,,,A1914,"BeatsStudio3,2-psychworld"
"Device1,8201",Beats Studio³ Wireless Violet Grey Edition,Beats Headphones,W1,,2018-07-12,,,A1914,"BeatsStudio3,2-violet"
"Device1,8202",AirPods Max,AirPods,H1,armv7,2020-12-15,2024-09-09,B515AP,A2096,"AirPodsMax1,1"
"Device1,8203",Powerbeats Pro Charging Case,Beats Earbuds,H1,,2019-05-10,,B445AP,A2078,"PowerbeatsPro1,1-case"
"Device1,8203","Powerbeats Pro (Left, 2019)",Beats Earbuds,H1,,2019-05-10,,B444AP,A2047,"PowerbeatsPro1,1-left"
"Device1,8203","Powerbeats Pro (Right, 2019)",Beats Earbuds,H1,,2019-05-10,,B444AP,A2048,"PowerbeatsPro1,1-right"
"Device1,8204",Beats Solo Pro,Beats Headphones,H1,,2019-10-15,,B419AP,A1881,"BeatsSoloPro1,1"
"Device1,8204",Beats Solo Pro Eastside Golf Edition,Beats Headphones,H1,,2022-02-28,,B419AP,A1881,"BeatsSoloPro1,1-eastside"
"Device1,8204",Beats Solo Pro Verdy Edition,Beats Headphones,H1,,2020-12-19,,B419AP,A1881,"BeatsSoloPro1,1-verdy"
"Device1,8205",Powerbeats (4th generation),Beats Earbuds,H1,,2020-03-16,,B364AP,A2015,"PowerBeats4,1"
"Device1,8206","AirPods Pro (Left, 1st generation)",AirPods,H1,armv7,2019-10-30,2022-09-07,B298AP,A2083,"AirPodsPro1,1-left"
"Device1,8206","AirPods Pro (Right, 1st generation)",AirPods,H1,armv7,2019-10-30,2022-09-07,B298AP,A2084,"AirPodsPro1,1-right"
"Device1,8207","AirPods (Left, 2nd generation)",AirPods,H1,armv7,2019-03-20,2024-09-10,B288AP,A2031,"AirPods1,2-left"
"Device1,8207","AirPods (Right, 2nd generation)",AirPods,H1,armv7,2019-03-20,2024-09-10,B288AP,A2032,"AirPods1,2-right"
"Device1,8208",Beats Flex,Beats Earbuds,W1,,2020-10-21,,B372AP,A2295,"BeatsX2,1"
"Device1,8209",Beats Studio Buds Charging Case,Beats Earbuds,MediaTek TWS Chip,,2021-06-24,,B507AP,A2514,"BeatsStudioBuds1,1-case"
"Device1,8209",Beats Studio Buds (Left),Beats Earbuds,MediaTek TWS Chip,,2021-06-24,,B507AP,A2512,"BeatsStudioBuds1,1-left"
"Device1,8209",Beats Studio Buds (Right),Beats Earbuds,MediaTek TWS Chip,,2021-06-24,,B507AP,A2513,"BeatsStudioBuds1,1-right"
"Device1,8210",Beats Fit Pro Charging Case,Beats Earbuds,H1,,2021-11-05,,B494AP,A2578,"BeatsFitPro1,1-case"
"Device1,8210",Beats Fit Pro (Left),Beats Earbuds,H1,,2021-11-05,,B494AP,A2576,"BeatsFitPro1,1-left"
"Device1,8210",Beats Fit Pro (Right),Beats Earbuds,H1,,2021-11-05,,B494AP,A2577,"BeatsFitPro1,1-right"
"Device1,8211","AirPods (Left, 3rd generation)",AirPods,H1,armv7,2021-10-26,2024-09-10,B688AP,A2564,"AirPods1,3-left"
"Device1,8211","AirPods (Right, 3rd generation)",AirPods,H1,armv7,2021-10-26,2024-09-10,B688AP,A2565,"AirPods1,3-right"
"Device1,8212","AirPods Pro (Left, 2nd generation)",AirPods,H2,,2022-09-23,2023-09-12,B698AP,"A2618, A2699, A2931","AirPodsPro1,2-left"
"Device1,8212","AirPods Pro (Right, 2nd generation)",AirPods,H2,,2022-09-23,2023-09-12,B698AP,"A2619, A2698, A2931","AirPodsPro1,2-right"
"Device1,8214",Beats Studio Buds + Charging Case,Beats Earbuds,,,2023-05-17,,B607AP,A2870,"BeatsStudioBuds1,2-case"
"Device1,8214",Beats Studio Buds + (Left),Beats Earbuds,,,2023-05-17,,B607AP,"A2872, A2952","BeatsStudioBuds1,2-left"
"Device1,8214",Beats Studio Buds + (Right),Beats Earbuds,,,2023-05-17,,B607AP,"A2871, A2952","BeatsStudioBuds1,2-right"
"Device1,8215",Beats Studio Pro,Beats Headphones,,,2023-07-20,,B453AP,A2924,"BeatsStudioPro1,1"
"Device1,8215",Beats Studio Pro Atlanta United FC Edition,Beats Headphones,,,2024-02-19,,B453AP,A2924,"BeatsStudioPro1,1-atlanta"
"Device1,8215",Beats Studio Pro Columbus Crew Edition,Beats Headphones,,,2024-02-19,,B453AP,A2924,"BeatsStudioPro1,1-columbus"
"Device1,8215",Beats Studio Pro fragment design Edition,Beats Headphones,,,2024,,B453AP,A2924,"BeatsStudioPro1,1-fragment"
"Device1,8215",Beats Studio Pro Kim K Edition,Beats Headphones,,,2024-08-15,,B453AP,A2924,"BeatsStudioPro1,1-kim"
"Device1,8215",Beats Studio Pro Los Angeles FC Edition,Beats Headphones,,,2024-02-19,,B453AP,A2924,"BeatsStudioPro1,1-la"
"Device1,8215",Beats Studio Pro Inter Miami CF Edition,Beats Headphones,,,2024-02-19,,B453AP,A2924,"BeatsStudioPro1,1-miami"
"Device1,8215",Beats Studio Pro Nashville SC Edition,Beats Headphones,,,2024-02-19,,B453AP,A2924,"BeatsStudioPro1,1-nashville"
"Device1,8215",Beats Studio Pro New York City FC Edition,Beats Headphones,,,2024-02-19,,B453AP,A2924,"BeatsStudioPro1,1-nyc"
"Device1,8215",Beats Studio Pro St. Louis City SC Edition,Beats Headphones,,,2024-02-19,,B453AP,A2924,"BeatsStudioPro1,1-stl"
"Device1,8215",Beats Studio Pro Stüssy Edition,Beats Headphones,,,2023-12-15,,B453AP,A2924,"BeatsStudioPro1,1-stussy"
"Device1,8215",Beats Studio Pro Toronto FC Edition,Beats Headphones,,,2024-02-19,,B453AP,A2924,"BeatsStudioPro1,1-toronto"
"Device1,8215",Beats Studio Pro WINDOWSEN Edition,Beats Headphones,,,2024-03-03,,B453AP,A2924,"BeatsStudioPro1,1-windowsen"
"Device1,8217",Charging Case for AirPods 4,AirPods,,,2024-09-20,2026-09-09,B735EAP,A3058,"AirPods1,4-case"
"Device1,8217",AirPods 4 (Left),AirPods,H2,,2024-09-20,2026-09-09,B768EAP,"A3053, A3054","AirPods1,4-left"
"Device1,8217",AirPods 4 (Right),AirPods,H2,,2024-09-20,2026-09-09,B768EAP,"A3050, A3054","AirPods1,4-right"
"Device1,8218",Beats Pill (3rd generation),Beats Speakers,,,2024-06-27,,B487AP,A3211,"BeatsPill1,2"
"Device1,8219",Wireless Charging Case for AirPods 4 (ANC),AirPods,,,2024-09-20,2026-09-09,B735MAP,A3059,"AirPods1,5-case"
"Device1,8219",AirPods 4 with Active Noise Cancellation (Left),AirPods,H2,,2024-09-20,2026-09-09,B768MAP,"A3055, A3057","AirPods1,5-left"
"Device1,8219",AirPods 4 with Active Noise Cancellation (Right),AirPods,H2,,2024-09-20,2026-09-09,B768MAP,"A3056, A3057","AirPods1,5-right"
"Device1,8221",Powerbeats Pro 2 Charging Case,Beats Earbuds,H2,,2025-02-13,,B498AP,A3160,"Powerb3,1-case"
"Device1,8221",Powerbeats Pro 2 (Left),Beats Earbuds,H2,,2025-02-13,,B498AP,"A3158, A3159","Powerb3,1-left"
"Device1,8221",Powerbeats Pro 2 (Right),Beats Earbuds,H2,,2025-02-13,,B498AP,"A3157, A3159","Powerb3,1-right"
"Device1,8223",AirPods Max with USB-C,AirPods,H1,armv7,2024-09-20,2026-03-16,B515cAP,A3184,"AirPodsMax1,1-usbc"
"Device1,8228",MagSafe Charging Case (USB-C) for AirPods Pro (2nd generation),AirPods,,,2023-09-22,2025-09-09,B627CAP,A2968,"AirPodsPro1,2-usbc-case"
"Device1,8228","AirPods Pro (Left, 2nd generation)",AirPods,H2,,2023-09-22,2025-09-09,B698CAP,"A3048, A3049","AirPodsPro1,2-usbc-left"
"Device1,8228","AirPods Pro (Right, 2nd generation)",AirPods,H2,,2023-09-22,2025-09-09,B698CAP,"A3047, A3049","AirPodsPro1,2-usbc-right"
"Device1,8229",Beats Solo 4,Beats Headphones,,,2024-05-02,,B465AP,A3140,"BeatsSolo4,1"
"Device1,8229",Beats Solo 4 - JENNIE,Beats Headphones,,,2025-09-05,,B465AP,A3140,"BeatsSolo4,1-jennie"
"Device1,8229",Beats Solo 4 Minecraft Edition,Beats Headphones,,,2024-07-18,,B465AP,A3140,"BeatsSolo4,1-minecraft"
"Device1,8229",Beats Solo 4 Sandy Liang Edition,Beats Headphones,,,2025-03-04,,B465AP,A3140,"BeatsSolo4,1-sandyliang"
"Device1,8230",Beats Solo Buds Charging Case,Beats Earbuds,,,2024-06-20,,B463AP,A3152,"BeatsSoloBuds1,1-case"
"Device1,8230",Beats Solo Buds (Left),Beats Earbuds,,,2024-06-20,,B463AP,"A3151, A3153","BeatsSoloBuds1,1-left"
"Device1,8230",Beats Solo Buds (Right),Beats Earbuds,,,2024-06-20,,B463AP,"A3150, A3153","BeatsSoloBuds1,1-right"
"Device1,8231",MagSafe Charging Case for AirPods Pro 3,AirPods,,,2025-09-19,,B747AP,A3122,"AirPodsPro1,3-case"
"Device1,8231",AirPods Pro 3 (Left),AirPods,H2,,2025-09-19,,B788AP,"A3064, A3065","AirPodsPro1,3-left"
"Device1,8231",AirPods Pro 3 (Right),AirPods,H2,,2025-09-19,,B788AP,"A3063, A3065","AirPodsPro1,3-right"
"Device1,8232",MagSafe Charging Case for AirPods Pro 3,AirPods,,,2025-09-19,,B747AP,A3122,"AirPodsPro1,3-case"
"Device1,8232",AirPods Pro 3 (Left),AirPods,H2,,2025-09-19,,B788AP,"A3064, A3065","AirPodsPro1,3-left"
"Device1,8232",AirPods Pro 3 (Right),AirPods,H2,,2025-09-19,,B788AP,"A3063, A3065","AirPodsPro1,3-right"
"Device1,8237",AirPods Max 2,AirPods,H2,,2026-04-01,,B515dAP,A3454,"AirPodsMax1,2"
"Device1,8239",Powerbeats Fit Charging Case,Beats Earbuds,,,2025-10-02,,B494bAP,A3479,Powerbeats Fit-case
"Device1,8239",Powerbeats Fit (Left),Beats Earbuds,,,2025-10-02,,B494bAP,A3476,Powerbeats Fit-left
"Device1,8239",Powerbeats Fit (Right),Beats Earbuds,,,2025-10-02,,B494bAP,A3477,Powerbeats Fit-right
"Device1,8240",Wireless Charging Case for AirPods 5,AirPods,,,2026-09-18,,,A3529,"AirPods3,8-case"
"Device1,8240",AirPods 5 with Wireless Charging Case (Left),AirPods,H2,,2026-09-18,,B868MAP,"A3440, A3441","AirPods3,8-left"
"Device1,8240",AirPods 5 with Wireless Charging Case (Right),AirPods,H2,,2026-09-18,,B868MAP,"A3439, A3441","AirPods3,8-right"
"Device1,8246",Charging Case for AirPods 5,AirPods,,,2026-09-18,,,A3530,"AirPods3,7-case"
"Device1,8246",AirPods 5 (Left),AirPods,H2,,2026-09-18,,B868EAP,"A3532, A3533","AirPods3,7-left"
"Device1,8246",AirPods 5 (Right),AirPods,H2,,2026-09-18,,B868EAP,"A3531, A3533","AirPods3,7-right"
"Device1,8248",Beats 360,Beats Headphones,,,2026-09-24,,B518AP,A3577,"Beats3601,1"
"Device1,9728",Beats Pill+,Beats Speakers,,,2015-10-26,,,A1680,"Device1,9728"
"Device1,9728",Beats Pill+ Devin Booker Edition,Beats Speakers,,,2022-08-01,,,A1680,"Device1,9728-booker"
"Device1,9728",Beats Pill+ FaZe Clan Edition,Beats Speakers,,,2020-05-31,,,A1680,"Device1,9728-faze"
"Device1,9728",Beats Pill+ KAR AUDIO SYSTEM Edition,Beats Speakers,,,2021-06-26,,,A1680,"Device1,9728-kar"
"Device1,9728",Beats Pill+ KITH Edition,Beats Speakers,,,2016-06-12,,,A1680,"Device1,9728-kith"
"Device1,9728",Beats Pill+ Madhappy Edition,Beats Speakers,,,2022-06-20,,,A1680,"Device1,9728-madhappy"
"Device1,9728",Beats Pill+ The Malbons Edition,Beats Speakers,,,2020-11-12,,,A1680,"Device1,9728-malbons"
"Device1,9728",Beats Pill+ Quai 54 Edition,Beats Speakers,,,2019-06-23,,,A1680,"Device1,9728-quai"
"Device1,9728",Beats Pill+ Field Trip Recordings Edition,Beats Speakers,,,2022-06-09,,,A1680,"Device1,9728-recordings"
"Device1,9728",Beats Pill+ Stüssy Edition,Beats Speakers,,,2022-03-04,,,A1680,"Device1,9728-stussy"
"Device1,9728",Beats Pill+ UNDEFEATED Edition,Beats Speakers,,,2018-09-19,,,A1680,"Device1,9728-undefeated"
"Mac13,1",Mac Studio (M1 Max),Mac Studio,M1 Max,arm64e,2022-03-18,2023-06-05,J375cAP,A2615,"Mac13,1"
"Mac13,2",Mac Studio (M1 Ultra),Mac Studio,M1 Ultra,arm64e,2022-03-18,2023-06-05,J375dAP,A2615,"Mac13,2"
"Mac14,10","MacBook Pro (16-inch, M2 Pro, 2023)",MacBook Pro,M2 Pro,arm64e,2023-01-24,2023-10-30,J416sAP,A2780,"Mac14,10"
"Mac14,12","Mac mini (M2 Pro, 2023)",Mac mini,M2 Pro,arm64e,2023-01-24,2024-10-29,J474sAP,A2816,"Mac14,12"
"Mac14,13","Mac Studio (M2 Max, 2023)",Mac Studio,M2 Max,arm64e,2023-06-13,2025-03-05,J475cAP,A2901,"Mac14,13"
"Mac14,14","Mac Studio (M2 Ultra, 2023)",Mac Studio,M2 Ultra,arm64e,2023-06-13,2025-03-05,J475dAP,A2901,"Mac14,14"
"Mac14,15","MacBook Air (15-inch, M2, 2023)",MacBook Air,M2,arm64e,2023-06-13,2024-03-04,J415AP,A2941,"Mac14,15"
"Mac14,2","MacBook Air (M2, 2022)",MacBook Air,M2,arm64e,2022-07-15,2025-03-05,J413AP,A2681,"Mac14,2"
"Mac14,3","Mac mini (M2, 2023)",Mac mini,M2,arm64e,2023-01-24,2024-10-29,J473AP,A2686,"Mac14,3"
"Mac14,5","MacBook Pro (14-inch, M2 Max, 2023)",MacBook Pro,M2 Max,arm64e,2023-01-24,2023-10-30,J414cAP,A2779,"Mac14,5"
"Mac14,6","MacBook Pro (16-inch, M2 Max, 2023)",MacBook Pro,M2 Max,arm64e,2023-01-24,2023-10-30,J416cAP,A2780,"Mac14,6"
"Mac14,7","MacBook Pro (13-inch, M2, 2022)",MacBook Pro,M2,arm64e,2022-06-24,2023-10-30,J493AP,A2338,"Mac14,7"
"Mac14,8",Mac Pro (2023),Mac Pro,M2 Ultra,arm64e,2023-06-13,2026-03-26,J180dAP,A2786,"Mac14,8"
"Mac14,8","Mac Pro (Rack, 2023)",Mac Pro,M2 Ultra,arm64e,2023-06-13,2026-03-26,J180dAP,A2787,"Mac14,8-Rack"
"Mac14,9","MacBook Pro (14-inch, M2 Pro, 2023)",MacBook Pro,M2 Pro,arm64e,2023-01-24,2023-10-30,J414sAP,A2779,"Mac14,9"
"Mac15,1",Unreleased MacBook Air,MacBook Air,M3,arm64e,,,J513AP,,"Mac15,1"
"Mac15,10","MacBook Pro (14-inch, 14-core M3 Max, Nov 2023)",MacBook Pro,M3 Max,arm64e,2023-11-09,2024-10-30,J514mAP,A2992,"Mac15,10"
"Mac15,11","MacBook Pro (16-inch, 14-core M3 Max, Nov 2023)",MacBook Pro,M3 Max,arm64e,2023-11-09,2024-10-30,J516mAP,A2991,"Mac15,11"
"Mac15,12","MacBook Air (13-inch, M3, 2024)",MacBook Air,M3,arm64e,2024-03-08,2025-03-05,J613AP,A3113,"Mac15,12"
"Mac15,13","MacBook Air (15-inch, M3, 2024)",MacBook Air,M3,arm64e,2024-03-08,2025-03-05,J615AP,A3114,"Mac15,13"
"Mac15,14","Mac Studio (M3 Ultra, 2025)",Mac Studio,M3 Ultra,arm64e,2025-03-12,2026-08-25,J575dAP,A3389,"Mac15,14"
"Mac15,2",Unreleased MacBook Air,MacBook Air,M3,arm64e,,,J515AP,,"Mac15,2"
"Mac15,3","MacBook Pro (14-inch, M3, Nov 2023)",MacBook Pro,M3,arm64e,2023-11-07,2024-10-30,J504AP,A2918,"Mac15,3"
"Mac15,4","iMac (24-inch, M3, 2023, Two Ports)",iMac,M3,arm64e,2023-11-07,2024-10-28,J433AP,A2873,"Mac15,4"
"Mac15,5","iMac (24-inch, M3, 2023, Four Ports)",iMac,M3,arm64e,2023-11-07,2024-10-28,J434AP,A2874,"Mac15,5"
"Mac15,6","MacBook Pro (14-inch, M3 Pro, Nov 2023)",MacBook Pro,M3 Pro,arm64e,2023-11-07,2024-10-30,J514sAP,A2992,"Mac15,6"
"Mac15,7","MacBook Pro (16-inch, M3 Pro, Nov 2023)",MacBook Pro,M3 Pro,arm64e,2023-11-07,2024-10-30,J516sAP,A2991,"Mac15,7"
"Mac15,8","MacBook Pro (14-inch, 16-core M3 Max, Nov 2023)",MacBook Pro,M3 Max,arm64e,2023-11-09,2024-10-30,J514cAP,A2992,"Mac15,8"
"Mac15,9","MacBook Pro (16-inch, 16-core M3 Max, Nov 2023)",MacBook Pro,M3 Max,arm64e,2023-11-09,2024-10-30,J516cAP,A2991,"Mac15,9"
"Mac16,1","MacBook Pro (14-inch, M4, Nov 2024)",MacBook Pro,M4,arm64e,2024-11-08,2025-10-15,J604AP,A3112,"Mac16,1"
"Mac16,10","Mac mini (M4, 2024)",Mac mini,M4,arm64e,2024-11-08,2026-08-25,J773gAP,A3238,"Mac16,10"
"Mac16,11","Mac mini (M4 Pro, 2024)",Mac mini,M4 Pro,arm64e,2024-11-08,2026-08-25,J773sAP,A3239,"Mac16,11"
"Mac16,12","MacBook Air (13-inch, M4, 2025)",MacBook Air,M4,arm64e,2025-03-12,2026-03-03,J713AP,A3240,"Mac16,12"
"Mac16,13","MacBook Air (15-inch, M4, 2025)",MacBook Air,M4,arm64e,2025-03-12,2026-03-03,J715AP,A3241,"Mac16,13"
"Mac16,2","iMac (24-inch, M4, 2024, Two Ports)",iMac,M4,arm64e,2024-11-08,,J623AP,A3247,"Mac16,2"
"Mac16,3","iMac (24-inch, M4, 2024, Four Ports)",iMac,M4,arm64e,2024-11-08,,J624AP,A3137,"Mac16,3"
"Mac16,5","MacBook Pro (16-inch, M4 Max, Nov 2024)",MacBook Pro,M4 Max,arm64e,2024-11-08,2026-03-03,J616cAP,A3186,"Mac16,5"
"Mac16,6","MacBook Pro (14-inch, M4 Max, Nov 2024)",MacBook Pro,M4 Max,arm64e,2024-11-08,2026-03-03,J614cAP,A3185,"Mac16,6"
"Mac16,7","MacBook Pro (16-inch, M4 Pro, Nov 2024)",MacBook Pro,M4 Pro,arm64e,2024-11-08,2026-03-03,J616sAP,A3403,"Mac16,7"
"Mac16,8","MacBook Pro (14-inch, M4 Pro, Nov 2024)",MacBook Pro,M4 Pro,arm64e,2024-11-08,2026-03-03,J614sAP,A3401,"Mac16,8"
"Mac16,9","Mac Studio (M4 Max, 2025)",Mac Studio,M4 Max,arm64e,2025-03-12,2026-08-25,J575cAP,A3143,"Mac16,9"
"Mac17,14",Mac Studio (M5 Max),Mac Studio,M5 Max,arm64e,2026-09-22,,J775cAP,A3545,"Mac17,14"
"Mac17,15",Mac Studio (M5 Ultra),Mac Studio,M5 Ultra,arm64e,2026-09-22,,J775dAP,A3546,"Mac17,15"
"Mac17,16",Mac mini (M5 Pro),Mac mini,M5 Pro,arm64e,2026-09-22,,J873sAP,A3535,"Mac17,16"
"Mac17,2",MacBook Pro 14-inch (M5),MacBook Pro,M5,arm64e,2025-10-22,,J704AP,A3434,"Mac17,2"
"Mac17,3","MacBook Air (13-inch, M5)",MacBook Air,M5,arm64e,2026-03-11,,J813AP,A3449,"Mac17,3"
"Mac17,4","MacBook Air (15-inch, M5)",MacBook Air,M5,arm64e,2026-03-11,,J815AP,A3448,"Mac17,4"
"Mac17,5",MacBook Neo,MacBook Neo,A18 Pro,arm64e,2026-03-11,,J700AP,A3404,"Mac17,5"
"Mac17,6","MacBook Pro (16-inch, M5 Max)",MacBook Pro,M5 Max,arm64e,2026-03-11,,J716cAP,A3429,"Mac17,6"
"Mac17,7","MacBook Pro (14-inch, M5 Max)",MacBook Pro,M5 Max,arm64e,2026-03-11,,J714cAP,A3427,"Mac17,7"
"Mac17,8","MacBook Pro (16-inch, M5 Pro)",MacBook Pro,M5 Pro,arm64e,2026-03-11,,J716sAP,A3428,"Mac17,8"
"Mac17,9","MacBook Pro (14-inch, M5 Pro)",MacBook Pro,M5 Pro,arm64e,2026-03-11,,J714sAP,A3426,"Mac17,9"
"Mac18,5",Mac mini (M6),Mac mini,M6,arm64e.x1,2026-09-22,,J873gAP,A3534,"Mac18,5"
"MacBook1,1","MacBook (13-inch, Mid 2006)",MacBook,,x86,2006-05-16,2006-11-08,Mac-F4208CC8,A1181,"MacBook1,1"
"MacBook10,1","MacBook (Retina, 12-inch, 2017)",MacBook,,x86-64,2017-06-07,2018-10-30,Mac-EE2EBD4B90B839A8,A1534,"MacBook10,1"
"MacBook2,1","MacBook (13-inch, Late 2006)",MacBook,,x86-64,2006-11-08,2007-05-15,Mac-F4208CA9,A1181,"MacBook2,1-2006"
"MacBook2,1","MacBook (13-inch, Mid 2007)",MacBook,,x86-64,2007-05-15,2007-11-01,Mac-F4208CAA,A1181,"MacBook2,1-2007"
"MacBook3,1","MacBook (13-inch, Late 2007)",MacBook,,x86-64,2007-11-01,2008-02-26,Mac-F22788C8,A1181,"MacBook3,1"
"MacBook4,1","MacBook (13-inch, Early 2008)",MacBook,,x86-64,2008-02-26,2008-10-14,Mac-F22788A9,A1181,"MacBook4,1-Early-2008"
"MacBook4,1","MacBook (13-inch, Late 2008)",MacBook,,x86-64,2008-10-14,2009-01-20,Mac-F22788A9,A1181,"MacBook4,1-Late-2008"
"MacBook5,1","MacBook (13-inch, Aluminum, Late 2008)",MacBook,,x86-64,2008-10-14,2009-06-08,"Mac-F42D89A9, Mac-F42D89C8",A1278,"MacBook5,1"
"MacBook5,2","MacBook (13-inch, Early 2009)",MacBook,,x86-64,2009-01-20,2009-05-27,Mac-F22788AA,A1181,"MacBook5,2-Early-2009"
"MacBook5,2","MacBook (13-inch, Mid 2009)",MacBook,,x86-64,2009-05-27,2009-10-20,Mac-F22788AA,A1181,"MacBook5,2-Mid-2009"
"MacBook6,1","MacBook (13-inch, Late 2009)",MacBook,,x86-64,2009-10-20,2010-05-18,Mac-F22C8AC8,A1342,"MacBook6,1"
"MacBook7,1","MacBook (13-inch, Mid 2010)",MacBook,,x86-64,2010-05-18,2011-07-20,Mac-F22C89C8,A1342,"MacBook7,1"
"MacBook8,1","MacBook (Retina, 12-inch, Early 2015)",MacBook,,x86-64,2015-04-10,2016-04-19,Mac-BE0E8AC46FE800CC,A1534,"MacBook8,1"
"MacBook9,1","MacBook (Retina, 12-inch, Early 2016)",MacBook,,x86-64,2016-04-20,2017-06-05,Mac-9AE82516C7C6B903,A1534,"MacBook9,1"
"MacBookAir1,1",MacBook Air (Early 2008),MacBook Air,,x86-64,2008-01-30,2008-10-14,Mac-F42C8CC8,A1237,"MacBookAir1,1"
"MacBookAir10,1","MacBook Air (M1, 2020)",MacBook Air,M1,arm64e,2020-11-17,2024-03-04,J313AP,A2337,"MacBookAir10,1"
"MacBookAir2,1",MacBook Air (Late 2008),MacBook Air,,x86-64,2008-10-31,2009-06-08,Mac-F42D88C8,A1304,"MacBookAir2,1-2008"
"MacBookAir2,1",MacBook Air (Mid 2009),MacBook Air,,x86-64,2009-06-08,2010-10-20,Mac-F42D88C8,A1304,"MacBookAir2,1-2009"
"MacBookAir3,1","MacBook Air (11-inch, Late 2010)",MacBook Air,,x86-64,2010-10-20,2011-07-20,Mac-942452F5819B1C1B,A1370,"MacBookAir3,1"
"MacBookAir3,2","MacBook Air (13-inch, Late 2010)",MacBook Air,,x86-64,2010-10-20,2011-07-20,Mac-942C5DF58193131B,A1369,"MacBookAir3,2"
"MacBookAir4,1","MacBook Air (11-inch, Mid 2011)",MacBook Air,,x86-64,2011-07-21,2012-06-11,Mac-C08A6BB70A942AC2,A1370,"MacBookAir4,1"
"MacBookAir4,2","MacBook Air (13-inch, Mid 2011)",MacBook Air,,x86-64,2011-07-21,2012-06-11,Mac-742912EFDBEE19B3,A1369,"MacBookAir4,2"
"MacBookAir5,1","MacBook Air (11-inch, Mid 2012)",MacBook Air,,x86-64,2012-06-11,2013-06-10,Mac-66F35F19FE2A0D05,A1465,"MacBookAir5,1"
"MacBookAir5,2","MacBook Air (13-inch, Mid 2012)",MacBook Air,,x86-64,2012-06-11,2013-06-10,Mac-2E6FAB96566FE58C,A1466,"MacBookAir5,2"
"MacBookAir6,1","MacBook Air (11-inch, Mid 2013)",MacBook Air,,x86-64,2013-06-10,2014-04-29,Mac-35C1E88140C3E6CF,A1465,"MacBookAir6,1-2013"
"MacBookAir6,1","MacBook Air (11-inch, Early 2014)",MacBook Air,,x86-64,2014-04-29,2015-03-09,Mac-35C1E88140C3E6CF,A1465,"MacBookAir6,1-2014"
"MacBookAir6,2","MacBook Air (13-inch, Mid 2013)",MacBook Air,,x86-64,2013-06-10,2014-04-29,Mac-7DF21CB3ED6977E5,A1466,"MacBookAir6,2-2013"
"MacBookAir6,2","MacBook Air (13-inch, Early 2014)",MacBook Air,,x86-64,2014-04-29,2015-03-09,Mac-7DF21CB3ED6977E5,A1466,"MacBookAir6,2-2014"
"MacBookAir7,1","MacBook Air (11-inch, Early 2015)",MacBook Air,,x86-64,2015-03-09,2016-10-27,Mac-9F18E312C5C2BF0B,A1465,"MacBookAir7,1"
"MacBookAir7,2","MacBook Air (13-inch, Early 2015)",MacBook Air,,x86-64,2015-03-09,2017-06-05,Mac-937CB26E2E02BB01,A1466,"MacBookAir7,2-2015"
"MacBookAir7,2","MacBook Air (13-inch, 2017)",MacBook Air,,x86-64,2017-06-07,2019-07-09,Mac-937CB26E2E02BB01,A1466,"MacBookAir7,2-2017"
"MacBookAir8,1","MacBook Air (Retina, 13-inch, 2018)",MacBook Air,,x86-64,2018-11-07,2019-07-09,Mac-827FAC58A8FDFA22,A1932,"MacBookAir8,1"
"MacBookAir8,2","MacBook Air (Retina, 13-inch, 2019)",MacBook Air,,x86-64,2019-07-09,2020-03-18,Mac-226CB3C6A851A671,A1932,"MacBookAir8,2"
"MacBookAir9,1","MacBook Air (Retina, 13-inch, 2020)",MacBook Air,,x86-64,2020-03-25,2020-11-10,Mac-0CFF9C7C2B63DF8D,A2179,"MacBookAir9,1"
"MacBookPro1,1","MacBook Pro (15-inch, Early 2006)",MacBook Pro,,x86,2006-02-14,2006-10-24,Mac-F425BEC8,A1150,"MacBookPro1,1"
"MacBookPro1,2","MacBook Pro (17-inch, Early 2006)",MacBook Pro,,x86,2006-04-24,2006-10-24,Mac-F42DBEC8,A1151,"MacBookPro1,2"
"MacBookPro10,1","MacBook Pro (Retina, 15-inch, Early 2013)",MacBook Pro,,x86-64,2013-02-13,2013-10-22,Mac-C3EC7CD22292981F,A1398,"MacBookPro10,1-Early-2013"
"MacBookPro10,1","MacBook Pro (Retina, 15-inch, Mid 2012)",MacBook Pro,,x86-64,2012-06-11,2013-02-13,Mac-C3EC7CD22292981F,A1398,"MacBookPro10,1-Mid-2012"
"MacBookPro10,2","MacBook Pro (Retina, 13-inch, Early 2013)",MacBook Pro,,x86-64,2013-02-13,2013-10-22,Mac-AFD8A9D944EA4843,A1425,"MacBookPro10,2-Early-2013"
"MacBookPro10,2","MacBook Pro (Retina, 13-inch, Late 2012)",MacBook Pro,,x86-64,2012-10-23,2013-10-22,Mac-AFD8A9D944EA4843,A1425,"MacBookPro10,2-Late-2012"
"MacBookPro11,1","MacBook Pro (Retina, 13-inch, Late 2013)",MacBook Pro,,x86-64,2013-10-22,2014-07-29,Mac-189A3D4F975D5FFC,A1502,"MacBookPro11,1-Late-2013"
"MacBookPro11,1","MacBook Pro (Retina, 13-inch, Mid 2014)",MacBook Pro,,x86-64,2014-07-29,2015-03-09,Mac-189A3D4F975D5FFC,A1502,"MacBookPro11,1-Mid-2014"
"MacBookPro11,2","MacBook Pro (Retina, 15-inch, Late 2013, Integrated graphics)",MacBook Pro,,x86-64,2013-10-22,2014-07-29,Mac-3CBD00234E554E41,A1398,"MacBookPro11,2-Late-2013"
"MacBookPro11,2","MacBook Pro (Retina, 15-inch, Mid 2014, Integrated graphics)",MacBook Pro,,x86-64,2014-07-29,2015-05-19,Mac-3CBD00234E554E41,A1398,"MacBookPro11,2-Mid-2014"
"MacBookPro11,3","MacBook Pro (Retina, 15-inch, Late 2013, Dedicated graphics)",MacBook Pro,,x86-64,2013-10-22,2014-07-29,Mac-2BD1B31983FE1663,A1398,"MacBookPro11,3-Late-2013"
"MacBookPro11,3","MacBook Pro (Retina, 15-inch, Mid 2014, Dedicated graphics)",MacBook Pro,,x86-64,2014-07-29,2015-05-19,Mac-2BD1B31983FE1663,A1398,"MacBookPro11,3-Mid-2014"
"MacBookPro11,4","MacBook Pro (Retina, 15-inch, Mid 2015, Integrated graphics)",MacBook Pro,,x86-64,2015-05-19,2018-07-12,Mac-06F11FD93F0323C5,A1398,"MacBookPro11,4"
"MacBookPro11,5","MacBook Pro (Retina, 15-inch, Mid 2015, Dedicated graphics)",MacBook Pro,,x86-64,2015-05-19,2018-07-12,Mac-06F11F11946D27C5,A1398,"MacBookPro11,5"
"MacBookPro12,1","MacBook Pro (Retina, 13-inch, Early 2015)",MacBook Pro,,x86-64,2015-03-09,2017-06-05,Mac-E43C1C25D4880AD6,A1502,"MacBookPro12,1"
"MacBookPro13,1","MacBook Pro (13-inch, 2016, Two Thunderbolt 3 ports)",MacBook Pro,,x86-64,2016-10-27,2017-06-05,Mac-473D31EABEB93F9B,A1708,"MacBookPro13,1"
"MacBookPro13,2","MacBook Pro (13-inch, 2016, Four Thunderbolt 3 ports)",MacBook Pro,,x86-64,2016-10-27,2017-06-05,Mac-66E35819EE2D0D05,A1706,"MacBookPro13,2"
"MacBookPro13,3","MacBook Pro (15-inch, 2016)",MacBook Pro,,x86-64,2016-10-27,2017-06-05,Mac-A5C67F76ED83108C,A1707,"MacBookPro13,3"
"MacBookPro14,1","MacBook Pro (13-inch, 2017, Two Thunderbolt 3 ports)",MacBook Pro,,x86-64,2017-06-07,2019-07-09,Mac-B4831CEBD52A0C4C,A1708,"MacBookPro14,1"
"MacBookPro14,2","MacBook Pro (13-inch, 2017, Four Thunderbolt 3 ports)",MacBook Pro,,x86-64,2017-06-07,2018-07-12,Mac-CAD6701F7CEA0921,A1706,"MacBookPro14,2"
"MacBookPro14,3","MacBook Pro (15-inch, 2017)",MacBook Pro,,x86-64,2017-06-07,2018-07-12,Mac-551B86E5744E2388,A1707,"MacBookPro14,3"
"MacBookPro15,1","MacBook Pro (15-inch, Mid 2018)",MacBook Pro,,x86-64,2018-07-12,2019-05-21,Mac-937A206F2EE63C01,A1990,"MacBookPro15,1-2018"
"MacBookPro15,1","MacBook Pro (15-inch, 2019)",MacBook Pro,,x86-64,2019-05-21,2019-11-13,Mac-937A206F2EE63C01,A1990,"MacBookPro15,1-2019"
"MacBookPro15,2","MacBook Pro (13-inch, 2018)",MacBook Pro,,x86-64,2018-07-12,2019-05-21,Mac-827FB448E656EC26,A1989,"MacBookPro15,2-2018"
"MacBookPro15,2","MacBook Pro (13-inch, 2019, Four Thunderbolt 3 ports)",MacBook Pro,,x86-64,2019-05-21,2020-05-04,Mac-827FB448E656EC26,A1989,"MacBookPro15,2-2019"
"MacBookPro15,3","MacBook Pro (15-inch, Late 2018, Radeon Pro Vega Graphics)",MacBook Pro,,x86-64,2018-11-14,2019-05-21,Mac-1E7E29AD0135F9BC,A1990,"MacBookPro15,3-2018"
"MacBookPro15,3","MacBook Pro (15-inch, 2019, Radeon Pro Vega Graphics)",MacBook Pro,,x86-64,2019-05-21,2019-11-13,Mac-1E7E29AD0135F9BC,A1990,"MacBookPro15,3-2019"
"MacBookPro15,4","MacBook Pro (13-inch, 2019, Two Thunderbolt 3 ports)",MacBook Pro,,x86-64,2019-07-09,2020-05-04,Mac-53FDB3D8DB8CA971,A2159,"MacBookPro15,4"
"MacBookPro16,1","MacBook Pro (16-inch, 2019)",MacBook Pro,,x86-64,2019-11-13,2021-10-18,Mac-E1008331FDC96864,A2141,"MacBookPro16,1"
"MacBookPro16,2","MacBook Pro (13-inch, 2020, Four Thunderbolt 3 ports)",MacBook Pro,,x86-64,2020-05-04,2020-11-10,Mac-5F9802EFE386AA28,A2251,"MacBookPro16,2"
"MacBookPro16,3","MacBook Pro (13-inch, 2020, Two Thunderbolt 3 ports)",MacBook Pro,,x86-64,2020-05-04,2020-11-10,Mac-E7203C0F68AA0004,A2289,"MacBookPro16,3"
"MacBookPro16,4","MacBook Pro (16-inch, 2019, Radeon Pro 5600M Graphics)",MacBook Pro,,x86-64,2020-06-15,2021-10-18,Mac-A61BADE1FDAD7B05,A2141,"MacBookPro16,4"
"MacBookPro17,1","MacBook Pro (13-inch, M1, 2020)",MacBook Pro,M1,arm64e,2020-11-17,2022-06-06,J293AP,A2338,"MacBookPro17,1"
"MacBookPro18,1","MacBook Pro (16-inch, M1 Pro, 2021)",MacBook Pro,M1 Pro,arm64e,2021-10-18,2023-01-17,J316sAP,A2485,"MacBookPro18,1"
"MacBookPro18,2","MacBook Pro (16-inch, M1 Max, 2021)",MacBook Pro,M1 Max,arm64e,2021-10-18,2023-01-17,J316cAP,A2485,"MacBookPro18,2"
"MacBookPro18,3","MacBook Pro (14-inch, M1 Pro, 2021)",MacBook Pro,M1 Pro,arm64e,2021-10-18,2023-01-17,J314sAP,A2442,"MacBookPro18,3"
"MacBookPro18,4","MacBook Pro (14-inch, M1 Max, 2021)",MacBook Pro,M1 Max,arm64e,2021-10-18,2023-01-17,J314cAP,A2442,"MacBookPro18,4"
"MacBookPro2,1","MacBook Pro (17-inch, Late 2006)",MacBook Pro,,x86-64,2006-10-24,2007-06-05,Mac-F42189C8,A1212,"MacBookPro2,1"
"MacBookPro2,2","MacBook Pro (15-inch, Late 2006)",MacBook Pro,,x86-64,2006-10-24,2007-06-05,Mac-F42187C8,A1211,"MacBookPro2,2"
"MacBookPro3,1","MacBook Pro (15-inch, Late 2007)",MacBook Pro,,x86-64,2007-11-01,2008-02-26,Mac-F4238BC8,A1226,"MacBookPro3,1-15-inch-Late-2007"
"MacBookPro3,1","MacBook Pro (15-inch, Mid 2007)",MacBook Pro,,x86-64,2007-06-05,2007-11-01,Mac-F4238BC8,A1226,"MacBookPro3,1-15-inch-Mid-2007"
"MacBookPro3,1","MacBook Pro (17-inch, Late 2007)",MacBook Pro,,x86-64,2007-11-01,2008-02-26,Mac-F42388C8,A1229,"MacBookPro3,1-17-inch-Late-2007"
"MacBookPro3,1","MacBook Pro (17-inch, Mid 2007)",MacBook Pro,,x86-64,2007-06-05,2007-11-01,Mac-F42388C8,A1229,"MacBookPro3,1-17-inch-Mid-2007"
"MacBookPro4,1","MacBook Pro (15-inch, Early 2008)",MacBook Pro,,x86-64,2008-02-26,2008-10-14,Mac-F42C89C8,A1260,"MacBookPro4,1-15-inch"
"MacBookPro4,1","MacBook Pro (17-inch, Early 2008)",MacBook Pro,,x86-64,2008-02-26,2009-01-06,Mac-F42C86C8,A1261,"MacBookPro4,1-17-inch"
"MacBookPro5,1","MacBook Pro (15-inch, Late 2008)",MacBook Pro,,x86-64,2008-10-14,2009-03-03,Mac-F42D86C8,A1286,"MacBookPro5,1-2008"
"MacBookPro5,1","MacBook Pro (15-inch, Early 2009)",MacBook Pro,,x86-64,2009-03-03,2009-06-08,Mac-F42D86A9,A1286,"MacBookPro5,1-2009"
"MacBookPro5,2","MacBook Pro (17-inch, Early 2009)",MacBook Pro,,x86-64,2009-02-06,2009-06-08,Mac-F2268EC8,A1297,"MacBookPro5,2-Early-2009"
"MacBookPro5,2","MacBook Pro (17-inch, Mid 2009)",MacBook Pro,,x86-64,2009-06-08,2010-04-13,Mac-F2268EC8,A1297,"MacBookPro5,2-Mid-2009"
"MacBookPro5,3","MacBook Pro (15-inch, Mid 2009, Dedicated Graphics)",MacBook Pro,,x86-64,2009-06-08,2010-04-13,Mac-F22587C8,A1286,"MacBookPro5,3"
"MacBookPro5,4","MacBook Pro (15-inch, Mid 2009, Integrated Graphics)",MacBook Pro,,x86-64,2009-06-08,2010-04-13,Mac-F22587A1,A1286,"MacBookPro5,4"
"MacBookPro5,5","MacBook Pro (13-inch, Mid 2009)",MacBook Pro,,x86-64,2009-06-08,2010-04-13,Mac-F2268AC8,A1278,"MacBookPro5,5"
"MacBookPro6,1","MacBook Pro (17-inch, Mid 2010)",MacBook Pro,,x86-64,2010-04-13,2011-02-24,Mac-F22589C8,A1297,"MacBookPro6,1"
"MacBookPro6,2","MacBook Pro (15-inch, Mid 2010)",MacBook Pro,,x86-64,2010-04-13,2011-02-24,Mac-F22586C8,A1286,"MacBookPro6,2"
"MacBookPro7,1","MacBook Pro (13-inch, Mid 2010)",MacBook Pro,,x86-64,2010-04-13,2011-02-24,Mac-F222BEC8,A1278,"MacBookPro7,1"
"MacBookPro8,1","MacBook Pro (13-inch, Early 2011)",MacBook Pro,,x86-64,2011-02-24,2011-10-24,Mac-94245B3640C91C81,A1278,"MacBookPro8,1-Early-2011"
"MacBookPro8,1","MacBook Pro (13-inch, Late 2011)",MacBook Pro,,x86-64,2011-10-24,2012-06-11,Mac-94245B3640C91C81,A1278,"MacBookPro8,1-Late-2011"
"MacBookPro8,2","MacBook Pro (15-inch, Early 2011)",MacBook Pro,,x86-64,2011-02-24,2011-10-24,Mac-94245A3940C91C80,A1286,"MacBookPro8,2-Early-2011"
"MacBookPro8,2","MacBook Pro (15-inch, Late 2011)",MacBook Pro,,x86-64,2011-10-24,2012-06-11,Mac-94245A3940C91C80,A1286,"MacBookPro8,2-Late-2011"
"MacBookPro8,3","MacBook Pro (17-inch, Early 2011)",MacBook Pro,,x86-64,2011-02-24,2011-10-24,Mac-942459F5819B171B,A1297,"MacBookPro8,3-Early-2011"
"MacBookPro8,3","MacBook Pro (17-inch, Late 2011)",MacBook Pro,,x86-64,2011-10-24,2012-06-11,Mac-942459F5819B171B,A1297,"MacBookPro8,3-Late-2011"
"MacBookPro9,1","MacBook Pro (15-inch, Mid 2012)",MacBook Pro,,x86-64,2012-06-11,2013-10-22,Mac-4B7AC7E43945597E,A1286,"MacBookPro9,1"
"MacBookPro9,2","MacBook Pro (13-inch, Mid 2012)",MacBook Pro,,x86-64,2012-06-11,2016-10-27,Mac-6F01561E16C75D06,A1278,"MacBookPro9,2"
"MacPro1,1",Mac Pro (Mid 2006),Mac Pro,,x86-64,2006-08-07,2008-01-08,Mac-F4208DC8,A1186,"MacPro1,1"
"MacPro2,1",Mac Pro (Early 2007),Mac Pro,,x86-64,2007-04-04,2008-01-08,Mac-F4208DA9,A1186,"MacPro2,1"
"MacPro3,1",Mac Pro (Early 2008),Mac Pro,,x86-64,2008-01-08,2009-03-09,Mac-F42C88C8,A1186,"MacPro3,1"
"MacPro4,1",Mac Pro (Early 2009),Mac Pro,,x86-64,2009-03-09,2010-08-09,Mac-F221BEC8,A1289,"MacPro4,1"
"MacPro5,1",Mac Pro (Late 2010),Mac Pro,,x86-64,2010-08-16,2012-06-11,Mac-F221BEC8,A1289,"MacPro5,1-2010"
"MacPro5,1",Mac Pro (Mid 2012),Mac Pro,,x86-64,2012-06-11,2013-10-23,Mac-F221BEC8,A1289,"MacPro5,1-2012"
"MacPro5,1",Mac Pro Server (Mid 2010),Mac Pro,,x86-64,2010-11-05,2012-06-11,Mac-F221BEC8,A1289,"MacPro5,1-Server-2010"
"MacPro5,1",Mac Pro Server (Mid 2012),Mac Pro,,x86-64,2012-06-11,2013-10-23,Mac-F221BEC8,A1289,"MacPro5,1-Server-2012"
"MacPro6,1",Mac Pro (Late 2013),Mac Pro,,x86-64,2013-11-23,2019-12-10,Mac-F60DEB81FF30ACF6,A1481,"MacPro6,1"
"MacPro7,1",Mac Pro (2019),Mac Pro,,x86-64,2019-12-10,2023-06-05,Mac-27AD2F918AE68F61,A1991,"MacPro7,1"
"MacPro7,1","Mac Pro (Rack, 2019)",Mac Pro,,x86-64,2020-01-23,2023-06-05,Mac-27AD2F918AE68F61,A2304,"MacPro7,1-Rack"
"Macmini1,1",Mac mini (Early 2006),Mac mini,,x86,2006-02-28,2006-09-06,Mac-F4208EC8,A1176,"Macmini1,1-Early-2006"
"Macmini1,1",Mac mini (Late 2006),Mac mini,,x86,2006-09-06,2007-08-07,Mac-F4208EC8,A1176,"Macmini1,1-Late-2006"
"Macmini10,1",Unreleased Mac mini (M1 Pro),Mac mini,M1 Pro,arm64e,,,J374sAP,,"Macmini10,1"
"Macmini10,2",Unreleased Mac mini (M1 Max),Mac mini,M1 Max,arm64e,,,J374cAP,,"Macmini10,2"
"Macmini2,1",Mac mini (Mid 2007),Mac mini,,x86-64,2007-08-07,2009-03-03,Mac-F4208EAA,A1176,"Macmini2,1"
"Macmini3,1",Mac mini (Early 2009),Mac mini,,x86-64,2009-03-03,2009-10-20,Mac-F22C86C8,A1283,"Macmini3,1-Early-2009"
"Macmini3,1",Mac mini (Late 2009),Mac mini,,x86-64,2009-10-20,2010-06-15,Mac-F22C86C8,A1283,"Macmini3,1-Late-2009"
"Macmini3,1",Mac mini (Mac OS X Server),Mac mini,,x86-64,2009-10-20,2010-06-15,Mac-F22C86C8,A1283,"Macmini3,1-Server"
"Macmini4,1",Mac mini (Mid 2010),Mac mini,,x86-64,2010-06-15,2011-07-20,Mac-F2208EC8,A1347,"Macmini4,1"
"Macmini4,1",Mac mini Server (Mid 2010),Mac mini,,x86-64,2010-06-15,2011-07-20,Mac-F2208EC8,A1347,"Macmini4,1-Server"
"Macmini5,1","Mac mini (Mid 2011, Integrated graphics)",Mac mini,,x86-64,2011-07-21,2012-10-23,Mac-8ED6AF5B48C039E1,A1347,"Macmini5,1"
"Macmini5,2","Mac mini (Mid 2011, Dedicated graphics)",Mac mini,,x86-64,2011-07-21,2012-10-23,Mac-4BC72D62AD45599E,A1347,"Macmini5,2"
"Macmini5,3","Mac mini (Mid 2011, Server)",Mac mini,,x86-64,2011-07-21,2012-10-23,Mac-7BA5B2794B2CDB12,A1347,"Macmini5,3"
"Macmini6,1","Mac mini (Late 2012, Core i5)",Mac mini,,x86-64,2012-10-23,2014-10-16,Mac-031AEE4D24BFF0B1,A1347,"Macmini6,1"
"Macmini6,2","Mac mini (Late 2012, Core i7)",Mac mini,,x86-64,2012-10-23,2014-10-16,Mac-F65AE981FFA204ED,A1347,"Macmini6,2"
"Macmini6,2",Mac mini Server (Late 2012),Mac mini,,x86-64,2012-10-23,2014-10-16,Mac-F65AE981FFA204ED,A1347,"Macmini6,2-Server"
"Macmini6,3",Unreleased Mac mini,Mac mini,,x86-64,,,,,"Macmini6,3"
"Macmini7,1",Mac mini (Late 2014),Mac mini,,x86-64,2014-10-16,2018-10-30,Mac-35C5E08120C7EEAF,A1347,"Macmini7,1"
"Macmini7,2",Unreleased Mac mini,Mac mini,,x86-64,,,,,"Macmini7,2"
"Macmini7,3",Unreleased Mac mini,Mac mini,,x86-64,,,,,"Macmini7,3"
"Macmini8,1",Mac mini (Late 2018),Mac mini,,x86-64,2018-11-07,2023-01-17,Mac-7BA5B2DFE22DDD8C,A1993,"Macmini8,1"
"Macmini8,2",Unreleased Mac mini,Mac mini,,x86-64,,,,,"Macmini8,2"
"Macmini9,1","Mac mini (M1, Late 2020)",Mac mini,M1,arm64e,2020-11-17,2023-01-17,J274AP,A2348,"Macmini9,1"
"PowerBeats3,1",Powerbeats³ Wireless,Beats Earbuds,W1,,2016-10-26,,B312AP,A1747,"PowerBeats3,1"
"PowerBeats3,1",Powerbeats³ Wireless Balmain Edition,Beats Earbuds,W1,,2017-07-19,,B312AP,A1747,"PowerBeats3,1-balmain"
"PowerBeats4,1",Powerbeats (4th generation),Beats Earbuds,H1,,2020-03-16,,B364AP,A2015,"PowerBeats4,1"
"PowerBook1,1",PowerBook G3 (Bronze Keyboard),PowerBook,,PowerPC,1999-05-10,,,M5343,"PowerBook1,1"
"PowerBook2,1",iBook,iBook,,PowerPC,1999-07-21,,,M2453,"PowerBook2,1"
"PowerBook2,1",iBook SE,iBook,,PowerPC,2000-02-16,,,M2453,"PowerBook2,1-SE"
"PowerBook2,2",iBook (FireWire),iBook,,PowerPC,2000-09-13,,,M6411,"PowerBook2,2"
"PowerBook3,1",PowerBook (FireWire),PowerBook,,PowerPC,2000-02-16,,,M7572,"PowerBook3,1"
"PowerBook3,2",PowerBook G4,PowerBook,,PowerPC,2001-01-09,,,M5884,"PowerBook3,2"
"PowerBook3,3",PowerBook G4 (Gigabit Ethernet),PowerBook,,PowerPC,2001-10-16,,,M8407,"PowerBook3,3"
"PowerBook3,4",PowerBook G4,PowerBook,,PowerPC,2002-04-29,,,A1001,"PowerBook3,4"
"PowerBook3,5",PowerBook G4 (1GHz/867MHz),PowerBook,,PowerPC,2002-11-06,,,A1025,"PowerBook3,5"
"PowerBook4,1",iBook (Late 2001),iBook,,PowerPC,2001-10-16,,,M6497,"PowerBook4,1-Late-2001"
"PowerBook4,1",iBook (Dual USB),iBook,,PowerPC,2001-05-01,,,M6497,"PowerBook4,1-Mid-2001"
"PowerBook4,2",iBook (14.1-inch),iBook,,PowerPC,2002-01-07,,,M8413,"PowerBook4,2"
"PowerBook4,3",iBook (32 VRAM),iBook,,PowerPC,2003-04-22,,,A1005,"PowerBook4,3-2003-12-inch"
"PowerBook4,3","iBook (14.1-inch, 32 VRAM)",iBook,,PowerPC,2003-04-22,,,A1007,"PowerBook4,3-2003-14-inch"
"PowerBook4,3",iBook (32 VRAM),iBook,,PowerPC,2002-11-06,,,A1005,"PowerBook4,3-Late-2002-12-inch"
"PowerBook4,3","iBook (14.1-inch, 32 VRAM)",iBook,,PowerPC,2002-11-06,,,A1007,"PowerBook4,3-Late-2002-14-inch"
"PowerBook4,3",iBook (Opaque 16 VRAM),iBook,,PowerPC,2002-11-06,,,A1005,"PowerBook4,3-Late-2002-Opaque"
"PowerBook4,3",iBook (16 VRAM),iBook,,PowerPC,2002-05-20,,,A1005,"PowerBook4,3-Mid-2002-12-inch"
"PowerBook4,3","iBook (14.1-inch, 16 VRAM)",iBook,,PowerPC,2002-05-20,,,A1007,"PowerBook4,3-Mid-2002-14-inch"
"PowerBook5,1",PowerBook G4 (17-inch),PowerBook,,PowerPC,2003-01-07,,,A1013,"PowerBook5,1"
"PowerBook5,2",PowerBook G4 (15-inch FW800),PowerBook,,PowerPC,2003-09-16,,,A1046,"PowerBook5,2"
"PowerBook5,3",PowerBook G4 (17-inch 1.33GHz),PowerBook,,PowerPC,2003-09-16,,,A1052,"PowerBook5,3"
"PowerBook5,4",PowerBook G4 (15-inch 1.5/1.33 GHz),PowerBook,,PowerPC,2004-04-19,,,A1095,"PowerBook5,4"
"PowerBook5,5",PowerBook G4 (17-inch 1.5GHz),PowerBook,,PowerPC,2004-04-19,,,A1085,"PowerBook5,5"
"PowerBook5,6",PowerBook G4 (15-inch 1.67/1.5 GHz),PowerBook,,PowerPC,2005-01-31,,,A1106,"PowerBook5,6"
"PowerBook5,7",PowerBook G4 (17-inch 1.67 GHz),PowerBook,,PowerPC,2005-01-31,,,A1107,"PowerBook5,7"
"PowerBook5,8",PowerBook G4 (15-inch Double Layer SD),PowerBook,,PowerPC,2005-10-19,,,A1138,"PowerBook5,8"
"PowerBook5,9",PowerBook G4 (17-inch Double Layer SD),PowerBook,,PowerPC,2005-10-19,,,A1139,"PowerBook5,9"
"PowerBook6,1",PowerBook G4 (12-inch),PowerBook,,PowerPC,2003-01-07,,,A1010,"PowerBook6,1"
"PowerBook6,2",PowerBook G4 (12-inch DVI),PowerBook,,PowerPC,2003-09-16,,,A1010,"PowerBook6,2"
"PowerBook6,3",iBook G4 (12-inch 1 GHz),iBook,,PowerPC,2003-10-22,,,A1054,"PowerBook6,3-12-inch-1GHz"
"PowerBook6,3",iBook G4 (12-inch 800 MHz),iBook,,PowerPC,2003-10-22,,,A1054,"PowerBook6,3-12-inch-800MHz"
"PowerBook6,3",iBook G4 (14-inch 1 GHz),iBook,,PowerPC,2003-10-22,,,A1055,"PowerBook6,3-14-inch-1GHz"
"PowerBook6,3",iBook G4 (14-inch 800 MHz),iBook,,PowerPC,2003-10-22,,,A1055,"PowerBook6,3-14-inch-800MHz"
"PowerBook6,4",PowerBook G4 (12-inch 1.33GHz),PowerBook,,PowerPC,2004-04-19,,,A1010,"PowerBook6,4"
"PowerBook6,5",iBook G4 (12-inch Early 2004),iBook,,PowerPC,2004-04-19,,,A1054,"PowerBook6,5-Early-2004-12-inch"
"PowerBook6,5",iBook G4 (14-inch Early 2004),iBook,,PowerPC,2004-04-19,,,A1055,"PowerBook6,5-Early-2004-14-inch"
"PowerBook6,5",iBook G4 (12-inch Late 2004),iBook,,PowerPC,2004-10-19,,,A1054,"PowerBook6,5-Late-2004-12-inch"
"PowerBook6,5",iBook G4 (14-inch Late 2004),iBook,,PowerPC,2004-10-19,,,A1055,"PowerBook6,5-Late-2004-14-inch"
"PowerBook6,7",iBook G4 (12-inch Mid 2005),iBook,,PowerPC,2005-07-26,,,A1133,"PowerBook6,7-12-inch"
"PowerBook6,7",iBook G4 (14-inch Mid 2005),iBook,,PowerPC,2005-07-26,,,A1134,"PowerBook6,7-14-inch"
"PowerBook6,8",PowerBook G4 (12-inch 1.5GHz),PowerBook,,PowerPC,2005-01-31,,,A1104,"PowerBook6,8"
"PowerMac1,1",Power Macintosh G3 (Blue & White),PowerMac,,PowerPC,1999-01-05,,,M5183,"PowerMac1,1-A"
"PowerMac1,1",Power Macintosh G3 (Blue & White),PowerMac,,PowerPC,1999-06-01,,,M5183,"PowerMac1,1-B"
"PowerMac1,2",Power Mac G4 (PCI Graphics),PowerMac,,PowerPC,1999-08-31,,,M5183,"PowerMac1,2"
"PowerMac10,1",Mac mini (Early 2005),Mac mini,,PowerPC,2005-01-11,,,A1103,"PowerMac10,1"
"PowerMac10,2",Mac mini (Late 2005),Mac mini,,PowerPC,2005-09-27,,,A1103,"PowerMac10,2"
"PowerMac11,2",Power Mac G5 (Late 2005),PowerMac,,PowerPC,2005-10-19,,,"A1117, A1177","PowerMac11,2"
"PowerMac12,1","iMac G5 (17-inch, iSight)",iMac,,PowerPC,2005-10-12,,,A1144,"PowerMac12,1-17-inch"
"PowerMac12,1","iMac G5 (20-inch, iSight)",iMac,,PowerPC,2005-10-12,,,A1145,"PowerMac12,1-20-inch"
"PowerMac2,1",iMac (Slot Loading),iMac,,PowerPC,1999-10-05,,,M5521,"PowerMac2,1-350MHz"
"PowerMac2,1",iMac (Slot Loading),iMac,,PowerPC,1999-10-05,,,M5521,"PowerMac2,1-400MHz"
"PowerMac2,2",iMac (Summer 2000),iMac,,PowerPC,2000-07-19,,,M5521,"PowerMac2,2-350MHz"
"PowerMac2,2",iMac (Summer 2000),iMac,,PowerPC,2000-07-19,,,M5521,"PowerMac2,2-400MHz"
"PowerMac3,1",Power Mac G4 (AGP Graphics),PowerMac,,PowerPC,1999-08-31,,,M5183,"PowerMac3,1"
"PowerMac3,3",Power Mac G4 (Gigabit Internet),PowerMac,,PowerPC,2000-07-19,,,M5183,"PowerMac3,3"
"PowerMac3,4",Power Mac G4 (Digital Audio),PowerMac,,PowerPC,2001-01-09,,,M5183,"PowerMac3,4"
"PowerMac3,5",Power Mac G4 (QuickSilver),PowerMac,,PowerPC,2001-07-18,,,M8493,"PowerMac3,5-2001"
"PowerMac3,5",Power Mac G4 (QuickSilver),PowerMac,,PowerPC,2001-07-18,,,M8493,"PowerMac3,5-2001-867MHz"
"PowerMac3,5",Power Mac G4 (QuickSilver 2002),PowerMac,,PowerPC,2002-01-28,,,M8493,"PowerMac3,5-2002"
"PowerMac3,5",Power Mac G4 (QuickSilver 2002),PowerMac,,PowerPC,2002-01-28,,,M8493,"PowerMac3,5-2002-800MHz"
"PowerMac3,5",Power Mac G4 (QuickSilver 2002ED),PowerMac,,PowerPC,2002-08-13,,,M8493,"PowerMac3,5-2002-ED"
"PowerMac3,6",Power Mac G4 (Mirrored Drive Doors),PowerMac,,PowerPC,2002-08-13,,,M8570,"PowerMac3,6-2002"
"PowerMac3,6",Power Mac G4 (FW800),PowerMac,,PowerPC,2003-01-28,,,M8570,"PowerMac3,6-Early-2003"
"PowerMac3,6",Power Mac G4 (Mirrored Drive Doors 2003),PowerMac,,PowerPC,2003-06-23,,,M8570,"PowerMac3,6-Mid-2003"
"PowerMac4,1",iMac (Early 2001),iMac,,PowerPC,2001-02-22,,,M5521,"PowerMac4,1-Early-2001"
"PowerMac4,1",iMac (Summer 2001),iMac,,PowerPC,2001-07-18,,,M5521,"PowerMac4,1-Summer-2001"
"PowerMac4,2",iMac (Flat Panel),iMac,,PowerPC,2002-01-07,,,M6498,"PowerMac4,2-2002"
"PowerMac4,2",iMac (15-inch Early 2003),iMac,,PowerPC,2003-02-04,,,M6498,"PowerMac4,2-2003"
"PowerMac4,4",eMac,eMac,,PowerPC,2002-04-29,,,A1002,"PowerMac4,4-2002"
"PowerMac4,4",eMac (1GHz G4),eMac,,PowerPC,2003-10-22,,,A1002,"PowerMac4,4-Late-2003"
"PowerMac4,4","eMac (ATI Graphics, 1 GHz)",eMac,,PowerPC,2003-05-06,,,A1002,"PowerMac4,4-Mid-2003-1Ghz"
"PowerMac4,4","eMac (ATI Graphics, 800 MHz)",eMac,,PowerPC,2003-05-06,,,A1002,"PowerMac4,4-Mid-2003-800Mhz"
"PowerMac4,5",iMac (17-inch Flat Panel),iMac,,PowerPC,2002-07-18,,,M6498,"PowerMac4,5"
"PowerMac5,1",Power Mac G4 Cube,PowerMac,,PowerPC,2000-07-19,,,M7886,"PowerMac5,1"
"PowerMac6,1",iMac (17-inch),iMac,,PowerPC,2003-02-04,,,M6498,"PowerMac6,1"
"PowerMac6,3",iMac (15-inch USB 2.0),iMac,,PowerPC,2003-09-08,,,M6498,"PowerMac6,3-15-inch"
"PowerMac6,3",iMac (17-inch USB 2.0),iMac,,PowerPC,2003-09-08,,,M6498,"PowerMac6,3-17-inch"
"PowerMac6,3",iMac (20-inch USB 2.0),iMac,,PowerPC,2003-11-01,,,A1065,"PowerMac6,3-20-inch"
"PowerMac6,4",eMac (USB 2.0),eMac,,PowerPC,2004-04-13,,,A1002,"PowerMac6,4-2004"
"PowerMac6,4",eMac (2005),eMac,,PowerPC,2005-05-03,,,A1002,"PowerMac6,4-2005"
"PowerMac7,2",Power Mac G5,PowerMac,,PowerPC,2003-06-23,,,A1047,"PowerMac7,2-2003"
"PowerMac7,2","Power Mac G5 (Early 2005, dual 2.0 GHz)",PowerMac,,PowerPC,2005-04-27,,,A1047,"PowerMac7,2-2005"
"PowerMac7,3",Power Mac G5 (June 2004),PowerMac,,PowerPC,2004-06-09,,,A1047,"PowerMac7,3-2004"
"PowerMac7,3","Power Mac G5 (Early 2005, dual 2.3/2.7 GHz)",PowerMac,,PowerPC,2005-04-27,,,A1047,"PowerMac7,3-2005"
"PowerMac8,1",iMac G5 (17-inch),iMac,,PowerPC,2004-08-31,,,A1058,"PowerMac8,1-17-inch"
"PowerMac8,1",iMac G5 (20-inch),iMac,,PowerPC,2004-08-31,,,A1076,"PowerMac8,1-20-inch"
"PowerMac8,2","iMac G5 (17-inch, ALS)",iMac,,PowerPC,2005-05-03,,,A1058,"PowerMac8,2-17-inch"
"PowerMac8,2","iMac G5 (20-inch, ALS)",iMac,,PowerPC,2005-05-03,,,A1076,"PowerMac8,2-20-inch"
"PowerMac9,1",Power Mac G5 (Late 2004),PowerMac,,PowerPC,2004-10-19,,,A1093,"PowerMac9,1"
"Powerb3,1",Powerbeats Pro 2 Charging Case,Beats Earbuds,H2,,2025-02-13,,B498AP,A3160,"Powerb3,1-case"
"Powerb3,1",Powerbeats Pro 2 (Left),Beats Earbuds,H2,,2025-02-13,,B498AP,"A3158, A3159","Powerb3,1-left"
"Powerb3,1",Powerbeats Pro 2 (Right),Beats Earbuds,H2,,2025-02-13,,B498AP,"A3157, A3159","Powerb3,1-right"
"Powerbeats2,1",Powerbeats (4th generation),Beats Earbuds,H1,,2020-03-16,,B364AP,A2015,"PowerBeats4,1"
"Powerbeats2,1",Powerbeats Pro Charging Case,Beats Earbuds,H1,,2019-05-10,,B445AP,A2078,"PowerbeatsPro1,1-case"
"Powerbeats2,1","Powerbeats Pro (Left, 2019)",Beats Earbuds,H1,,2019-05-10,,B444AP,A2047,"PowerbeatsPro1,1-left"
"Powerbeats2,1","Powerbeats Pro (Right, 2019)",Beats Earbuds,H1,,2019-05-10,,B444AP,A2048,"PowerbeatsPro1,1-right"
"PowerbeatsPro1,1",Powerbeats Pro Charging Case,Beats Earbuds,H1,,2019-05-10,,B445AP,A2078,"PowerbeatsPro1,1-case"
"PowerbeatsPro1,1","Powerbeats Pro (Left, 2019)",Beats Earbuds,H1,,2019-05-10,,B444AP,A2047,"PowerbeatsPro1,1-left"
"PowerbeatsPro1,1","Powerbeats Pro (Right, 2019)",Beats Earbuds,H1,,2019-05-10,,B444AP,A2048,"PowerbeatsPro1,1-right"
"PowerbeatsPro2,1",Powerbeats Pro Charging Case (2020),Beats Earbuds,H1,,2020-06-09,,,A2078,"PowerbeatsPro2,1-case"
"PowerbeatsPro2,1","Powerbeats Pro (Left, 2020)",Beats Earbuds,H1,,2020-06-09,,,A2453,"PowerbeatsPro2,1-left"
"PowerbeatsPro2,1","Powerbeats Pro (Right, 2020)",Beats Earbuds,H1,,2020-06-09,,,A2454,"PowerbeatsPro2,1-right"
"RackMac1,1",Xserve,Xserve,,PowerPC,2002-05-14,,,A1004,"RackMac1,1"
"RackMac1,2",Xserve (Slot Load),Xserve,,PowerPC,2003-02-10,,,A1004,"RackMac1,2"
"RackMac1,2",Xserve (Cluster Node),Xserve,,PowerPC,2003-03-01,,,,"RackMac1,2-Cluster"
"RackMac3,1",Xserve G5,Xserve,,PowerPC,2004-01-06,,,A1068,"RackMac3,1-2004"
"RackMac3,1",Xserve G5 (Cluster Node),Xserve,,PowerPC,2004-01-06,,,,"RackMac3,1-2004-Cluster"
"RackMac3,1",Xserve G5 (January 2005),Xserve,,PowerPC,2005-01-04,,,A1068,"RackMac3,1-2005"
"RackMac3,1",Xserve G5 (January 2005 Cluster Node),Xserve,,PowerPC,2005-01-04,,,,"RackMac3,1-2005-Cluster"
"RealityDevice14,1",Vision Pro,Headset,"M2, R1",arm64e,2024-02-02,2025-10-15,N301AP,A2117,"RealityDevice14,1"
"RealityDevice17,1",Vision Pro (M5),Headset,"M5, R1",arm64e,2025-10-22,,N301aAP,A3416,"RealityDevice17,1"
"Solo2,1",Beats Solo Pro,Beats Headphones,H1,,2019-10-15,,B419AP,A1881,"BeatsSoloPro1,1"
"Solo2,1",Beats Solo Pro Eastside Golf Edition,Beats Headphones,H1,,2022-02-28,,B419AP,A1881,"BeatsSoloPro1,1-eastside"
"Solo2,1",Beats Solo Pro Verdy Edition,Beats Headphones,H1,,2020-12-19,,B419AP,A1881,"BeatsSoloPro1,1-verdy"
"TimeCapsule6,106",AirPort Time Capsule (1st generation),AirPort,,,2008-02-29,,M52AP,A1254,"TimeCapsule6,106"
"TimeCapsule6,109",AirPort Time Capsule (2nd generation),AirPort,,,2009-03-03,,K30AP,A1302,"TimeCapsule6,109"
"TimeCapsule6,113",AirPort Time Capsule (3rd generation),AirPort,,,2009-10-20,,K30aAP,A1355,"TimeCapsule6,113"
"TimeCapsule6,116",AirPort Time Capsule (4th generation),AirPort,,,2011-06-21,,K30bAP,A1409,"TimeCapsule6,116"
"TimeCapsule8,119",AirPort Time Capsule (5th generation),AirPort,,,2013-06-10,,J28AP,A1470,"TimeCapsule8,119"
"VirtualMac1,1",Apple Virtual Machine,Virtual Machine,,,,,,,"VirtualMac1,1"
"VirtualMac2,1",Apple Virtual Machine 1,Virtual Machine,,,2021-06-28,,VMA2MACOSAP,,"VirtualMac2,1"
"VirtualMac2,3",Apple Virtual Machine 3,Virtual Machine,,,,,VMAC300AP,,"VirtualMac2,3"
"Watch1,1",Apple Watch (1st generation) (38mm),Apple Watch,S1,armv7k,2015-04-24,2016-09-07,N27aAP,A1553,"Watch1,1"
"Watch1,2",Apple Watch (1st generation) (42mm),Apple Watch,S1,armv7k,2015-04-24,2016-09-07,N28aAP,A1554,"Watch1,2"
"Watch1,2",Apple Watch (1st generation) (42mm) (Store Display Model),Apple Watch,S1,armv7k,2015-04-24,,N28aAP,A1638,"Watch1,2-Store-Dock"
"Watch2,1","Unreleased Apple Watch Series 2 (Cellular, 38mm)",Apple Watch,S2,armv7k,,,N64AP,,"Watch2,1"
"Watch2,2","Unreleased Apple Watch Series 2 (Cellular, 42mm)",Apple Watch,S2,armv7k,,,N65AP,,"Watch2,2"
"Watch2,3",Apple Watch Series 2 (38mm),Apple Watch,S2,armv7k,2016-09-16,2017-09-12,N74AP,"A1757, A1816","Watch2,3"
"Watch2,4",Apple Watch Series 2 (42mm),Apple Watch,S2,armv7k,2016-09-16,2017-09-12,N75AP,"A1758, A1817","Watch2,4"
"Watch2,5",T1,iBridge,T1,armv7,2016-11-12,2018-07-12,X619AP,,"iBridge1,1"
"Watch2,6",Apple Watch Series 1 (38mm),Apple Watch,S1P,armv7k,2016-09-16,2018-09-12,N27dAP,A1802,"Watch2,6"
"Watch2,7",Apple Watch Series 1 (42mm),Apple Watch,S1P,armv7k,2016-09-16,2018-09-12,N28dAP,A1803,"Watch2,7"
"Watch3,1","Apple Watch Series 3 (GPS + Cellular, 38mm)",Apple Watch,S3,armv7k,2017-09-22,2018-09-12,N111sAP,"A1860, A1889, A1890, A1957, A1969, A1970","Watch3,1"
"Watch3,2","Apple Watch Series 3 (GPS + Cellular, 42mm)",Apple Watch,S3,armv7k,2017-09-22,2018-09-12,N111bAP,"A1861, A1891, A1892, A1958, A1972, A1973","Watch3,2"
"Watch3,3","Apple Watch Series 3 (GPS, 38mm)",Apple Watch,S3,armv7k,2017-09-22,2022-09-07,N121sAP,"A1858, A1959","Watch3,3"
"Watch3,4","Apple Watch Series 3 (GPS, 42mm)",Apple Watch,S3,armv7k,2017-09-22,2022-09-07,N121bAP,"A1859, A1960","Watch3,4"
"Watch4,1","Apple Watch Series 4 (GPS, 40mm)",Apple Watch,S4,arm64_32,2018-09-21,2019-09-10,N131sAP,A1977,"Watch4,1"
"Watch4,2","Apple Watch Series 4 (GPS, 44mm)",Apple Watch,S4,arm64_32,2018-09-21,2019-09-10,N131bAP,A1978,"Watch4,2"
"Watch4,3","Apple Watch Series 4 (GPS + Cellular, 40mm)",Apple Watch,S4,arm64_32,2018-09-21,2019-09-10,N141sAP,"A1975, A2007","Watch4,3"
"Watch4,4","Apple Watch Series 4 (GPS + Cellular, 44mm)",Apple Watch,S4,arm64_32,2018-09-21,2019-09-10,N141bAP,"A1976, A2008","Watch4,4"
"Watch5,1","Apple Watch Series 5 (GPS, 40mm)",Apple Watch,S5,arm64_32,2019-09-20,2020-09-15,N144sAP,A2092,"Watch5,1"
"Watch5,10","Apple Watch SE (1st generation, GPS, 44mm)",Apple Watch,S5,arm64_32,2020-09-18,2022-09-07,N140bAP,A2352,"Watch5,10"
"Watch5,11","Apple Watch SE (1st generation, GPS + Cellular, 44mm)",Apple Watch,S5,arm64_32,2020-09-18,2022-09-07,N142sAP,"A2353, A2355","Watch5,11"
"Watch5,12","Apple Watch SE (1st generation, GPS + Cellular, 44mm)",Apple Watch,S5,arm64_32,2020-09-18,2022-09-07,N142bAP,"A2354, A2356","Watch5,12"
"Watch5,2","Apple Watch Series 5 (GPS, 44mm)",Apple Watch,S5,arm64_32,2019-09-20,2020-09-15,N144bAP,A2093,"Watch5,2"
"Watch5,3","Apple Watch Series 5 (GPS + Cellular, 40mm)",Apple Watch,S5,arm64_32,2019-09-20,2020-09-15,N146sAP,"A2094, A2156","Watch5,3"
"Watch5,4","Apple Watch Series 5 (GPS + Cellular, 44mm)",Apple Watch,S5,arm64_32,2019-09-20,2020-09-15,N146bAP,"A2095, A2157","Watch5,4"
"Watch5,9","Apple Watch SE (1st generation, GPS, 40mm)",Apple Watch,S5,arm64_32,2020-09-18,2022-09-07,N140sAP,A2351,"Watch5,9"
"Watch6,1","Apple Watch Series 6 (GPS, 40mm)",Apple Watch,S6,arm64_32,2020-09-18,2021-09-14,N157sAP,A2291,"Watch6,1"
"Watch6,10","Apple Watch SE (2nd generation, GPS, 40mm)",Apple Watch,S8,arm64_32,2022-09-16,2025-09-09,N143sAP,A2722,"Watch6,10"
"Watch6,11","Apple Watch SE (2nd generation, GPS, 44mm)",Apple Watch,S8,arm64_32,2022-09-16,2025-09-09,N143bAP,A2723,"Watch6,11"
"Watch6,12","Apple Watch SE (2nd generation, GPS + Cellular, 40mm)",Apple Watch,S8,arm64_32,2022-09-16,2025-09-09,N149sAP,"A2725, A2726, A2855","Watch6,12"
"Watch6,13","Apple Watch SE (2nd generation, GPS + Cellular, 44mm)",Apple Watch,S8,arm64_32,2022-09-16,2025-09-09,N149bAP,"A2724, A2727, A2856","Watch6,13"
"Watch6,14","Apple Watch Series 8 (GPS, 41mm)",Apple Watch,S8,arm64_32,2022-09-16,2023-09-12,N197sAP,A2770,"Watch6,14"
"Watch6,15","Apple Watch Series 8 (GPS, 45mm)",Apple Watch,S8,arm64_32,2022-09-16,2023-09-12,N197bAP,A2771,"Watch6,15"
"Watch6,16","Apple Watch Series 8 (GPS + Cellular, 41mm)",Apple Watch,S8,arm64_32,2022-09-16,2023-09-12,N198sAP,"A2772, A2773, A2857","Watch6,16"
"Watch6,17","Apple Watch Series 8 (GPS + Cellular, 45mm)",Apple Watch,S8,arm64_32,2022-09-16,2023-09-12,N198bAP,"A2774, A2775, A2858","Watch6,17"
"Watch6,18",Apple Watch Ultra,Apple Watch,S8,arm64_32,2022-09-23,2023-09-12,N199AP,"A2622, A2684, A2859","Watch6,18"
"Watch6,2","Apple Watch Series 6 (GPS, 44mm)",Apple Watch,S6,arm64_32,2020-09-18,2021-09-14,N157bAP,A2292,"Watch6,2"
"Watch6,3","Apple Watch Series 6 (GPS + Cellular, 40mm)",Apple Watch,S6,arm64_32,2020-09-18,2021-09-14,N158sAP,"A2293, A2375","Watch6,3"
"Watch6,4","Apple Watch Series 6 (GPS + Cellular, 44mm)",Apple Watch,S6,arm64_32,2020-09-18,2021-09-14,N158bAP,"A2294, A2376","Watch6,4"
"Watch6,6","Apple Watch Series 7 (GPS, 41mm)",Apple Watch,S7,arm64_32,2021-10-15,2022-09-07,N187sAP,A2473,"Watch6,6"
"Watch6,7","Apple Watch Series 7 (GPS, 45mm)",Apple Watch,S7,arm64_32,2021-10-15,2022-09-07,N187bAP,A2474,"Watch6,7"
"Watch6,8","Apple Watch Series 7 (GPS + Cellular, 41mm)",Apple Watch,S7,arm64_32,2021-10-15,2022-09-07,N188sAP,"A2475, A2476","Watch6,8"
"Watch6,9","Apple Watch Series 7 (GPS + Cellular, 45mm)",Apple Watch,S7,arm64_32,2021-10-15,2022-09-07,N188bAP,"A2477, A2478","Watch6,9"
"Watch7,1","Apple Watch Series 9 (GPS, 41mm)",Apple Watch,S9,arm64e,2023-09-22,2024-09-09,N207sAP,A2978,"Watch7,1"
"Watch7,10","Apple Watch Series 10 (GPS + Cellular, 42mm)",Apple Watch,S10,arm64e,2024-09-20,2025-09-09,N218sAP,"A3001, A3002","Watch7,10"
"Watch7,11","Apple Watch Series 10 (GPS + Cellular, 46mm)",Apple Watch,S10,arm64e,2024-09-20,2025-09-09,N218bAP,"A3003, A3206","Watch7,11"
"Watch7,12",Apple Watch Ultra 3,Apple Watch,S10,arm64e,2025-09-19,2026-09-09,N230AP,"A3281, A3282","Watch7,12"
"Watch7,13","Apple Watch SE 3 (GPS, 40mm)",Apple Watch,S10,arm64e,2025-09-19,,N243sAP,"A3324, A3391","Watch7,13"
"Watch7,14","Apple Watch SE 3 (GPS, 44mm)",Apple Watch,S10,arm64e,2025-09-19,,N243bAP,"A3325, A3392","Watch7,14"
"Watch7,15","Apple Watch SE 3 (GPS + Cellular, 40mm)",Apple Watch,S10,arm64e,2025-09-19,,N244sAP,"A3326, A3327","Watch7,15"
"Watch7,16","Apple Watch SE 3 (GPS + Cellular, 44mm)",Apple Watch,S10,arm64e,2025-09-19,,N244bAP,"A3328, A3329","Watch7,16"
"Watch7,17","Apple Watch Series 11 (GPS, 42mm)",Apple Watch,S10,arm64e,2025-09-19,2026-09-09,N227sAP,"A3331, A3450","Watch7,17"
"Watch7,18","Apple Watch Series 11 (GPS, 46mm)",Apple Watch,S10,arm64e,2025-09-19,2026-09-09,N227bAP,"A3333, A3451","Watch7,18"
"Watch7,19","Apple Watch Series 11 (GPS + Cellular, 42mm)",Apple Watch,S10,arm64e,2025-09-19,2026-09-09,N228sAP,"A3335, A3452","Watch7,19"
"Watch7,2","Apple Watch Series 9 (GPS, 45mm)",Apple Watch,S9,arm64e,2023-09-22,2024-09-09,N207bAP,A2980,"Watch7,2"
"Watch7,20","Apple Watch Series 11 (GPS + Cellular, 46mm)",Apple Watch,S10,arm64e,2025-09-19,2026-09-09,N228bAP,"A3337, A3453","Watch7,20"
"Watch7,3","Apple Watch Series 9 (GPS + Cellular, 41mm)",Apple Watch,S9,arm64e,2023-09-22,2024-09-09,N208sAP,"A2982, A2983","Watch7,3"
"Watch7,4","Apple Watch Series 9 (GPS + Cellular, 45mm)",Apple Watch,S9,arm64e,2023-09-22,2024-09-09,N208bAP,"A2984, A2985","Watch7,4"
"Watch7,5",Apple Watch Ultra 2,Apple Watch,S9,arm64e,2023-09-22,2025-09-09,N210AP,"A2986, A2987","Watch7,5"
"Watch7,8","Apple Watch Series 10 (GPS, 42mm)",Apple Watch,S10,arm64e,2024-09-20,2025-09-09,N217sAP,"A2997, A2998","Watch7,8"
"Watch7,9","Apple Watch Series 10 (GPS, 46mm)",Apple Watch,S10,arm64e,2024-09-20,2025-09-09,N217bAP,"A2999, A3000","Watch7,9"
"Watch8,1",Apple Watch Ultra 4,Apple Watch,S11,arm64e.x1,2026-09-18,,N240AP,"A3579, A3580","Watch8,1"
"Watch8,2","Apple Watch Series 12 (GPS, 42mm)",Apple Watch,S11,arm64e.x1,2026-09-18,,N237sAP,"A3581, A3583","Watch8,2"
"Watch8,3","Apple Watch Series 12 (GPS, 46mm)",Apple Watch,S11,arm64e.x1,2026-09-18,,N237bAP,"A3584, A3585","Watch8,3"
"Watch8,4","Apple Watch Series 12 (GPS + Cellular, 42mm)",Apple Watch,S11,arm64e.x1,2026-09-18,,N238sAP,"A3582, A3586","Watch8,4"
"Watch8,5","Apple Watch Series 12 (GPS + Cellular, 46mm)",Apple Watch,S11,arm64e.x1,2026-09-18,,N238bAP,"A3587, A3588","Watch8,5"
"Xserve1,1",Xserve (Late 2006),Xserve,,x86-64,2006-11-14,2008-01-08,Mac-F4208AC8,A1196,"Xserve1,1"
"Xserve2,1",Xserve (Early 2008),Xserve,,x86-64,2008-01-08,2009-04-07,Mac-F42289C8,A1246,"Xserve2,1"
"Xserve3,1",Xserve (Early 2009),Xserve,,x86-64,2009-04-07,2011-01-31,Mac-F223BEC8,A1279,"Xserve3,1"
"afw1,5",AirTag,AirTag,nRF52832,armv7,2021-04-30,,B389AP,A2187,"AirTag1,1"
"afw2,4",AirTag (2nd generation),AirTag,,,2026-01-28,,B589AP,A2937,"afw2,4"
"chg1,1",MagSafe Charger (1m),Power,,,2024-09-11,,B393AP,A2580,"chg1,1-1m"
"chg1,1",MagSafe Charger (2m),Power,,,2024-09-11,,B393AP,A3250,"chg1,1-2m"
"iAccy1,1",Lightning Digital AV Adapter,Adapters,,,2012-10-23,,B137AP,A1438,"iAccy1,1"
"iAccy1,2",Lightning to VGA Adapter,Adapters,,,2012-10-23,,B165AP,A1439,"iAccy1,2"
"iBridge1,1",T1,iBridge,T1,armv7,2016-11-12,2018-07-12,X619AP,,"iBridge1,1"
"iBridge2,1","T2 (iMacPro1,1)",iBridge,T2,armv8,2017-12-14,2021-03-19,J137AP,,"iBridge2,1"
"iBridge2,10","T2 (MacBookPro15,4)",iBridge,T2,armv8,2019-07-09,2020-05-04,J213AP,,"iBridge2,10"
"iBridge2,11",T2 (Unknown),iBridge,T2,armv8,,,J230AP,,"iBridge2,11"
"iBridge2,12","T2 (MacBookAir8,2)",iBridge,T2,armv8,2019-07-09,2020-03-18,J140aAP,,"iBridge2,12"
"iBridge2,13",T2 (Unknown),iBridge,T2,armv8,,,J214AP,,"iBridge2,13"
"iBridge2,14","T2 (MacBookPro16,1)",iBridge,T2,armv8,2019-11-13,2021-10-18,J152fAP,,"iBridge2,14"
"iBridge2,15","T2 (MacBookAir9,1)",iBridge,T2,armv8,2020-03-18,2020-11-10,J230kAP,,"iBridge2,15"
"iBridge2,16","T2 (MacBookPro16,2)",iBridge,T2,armv8,2020-05-04,2021-10-18,J214kAP,,"iBridge2,16"
"iBridge2,19","T2 (iMac20,1)",iBridge,T2,armv8,2020-08-04,2022-03-08,J185AP,,"iBridge2,19"
"iBridge2,20","T2 (iMac20,2)",iBridge,T2,armv8,2020-08-04,2022-03-08,J185fAP,,"iBridge2,20"
"iBridge2,21","T2 (MacBookPro16,3)",iBridge,T2,armv8,2020-05-04,2020-11-10,J223AP,,"iBridge2,21"
"iBridge2,22","T2 (MacBookPro16,4)",iBridge,T2,armv8,2020-06-15,2021-10-18,J215AP,,"iBridge2,22"
"iBridge2,3","T2 (MacBookPro15,1)",iBridge,T2,armv8,2018-07-12,2019-11-13,J680AP,,"iBridge2,3"
"iBridge2,4","T2 (MacBookPro15,2)",iBridge,T2,armv8,2018-07-12,2020-05-04,J132AP,,"iBridge2,4"
"iBridge2,5","T2 (Macmini8,1)",iBridge,T2,armv8,2018-10-30,2023-01-17,J174AP,,"iBridge2,5"
"iBridge2,6","T2 (MacPro7,1)",iBridge,T2,armv8,2019-06-03,2023-06-05,J160AP,,"iBridge2,6"
"iBridge2,7","T2 (MacBookPro15,3)",iBridge,T2,armv8,2018-11-14,2019-11-13,J780AP,,"iBridge2,7"
"iBridge2,8","T2 (MacBookAir8,1)",iBridge,T2,armv8,2018-10-30,2019-07-09,J140kAP,,"iBridge2,8"
"iMac,1",iMac (Revision A),iMac,,PowerPC,1998-08-15,,,M4984,"iMac,1-1998-A"
"iMac,1",iMac (Revision B),iMac,,PowerPC,1998-10-01,,,M4984,"iMac,1-1998-B"
"iMac,1",iMac (1999),iMac,,PowerPC,1999-01-05,,,M4984,"iMac,1-1999"
"iMac10,1","iMac (21.5-inch, Late 2009)",iMac,,x86-64,2009-10-20,2011-07-27,Mac-F2268CC8,A1311,"iMac10,1-21.5-inch"
"iMac10,1","iMac (27-inch, Late 2009, Core 2 Duo)",iMac,,x86-64,2009-10-20,2011-07-27,Mac-F2268DC8,A1312,"iMac10,1-27-inch"
"iMac11,1","iMac (27-inch, Late 2009, Core i5/i7)",iMac,,x86-64,2009-10-20,2011-05-03,Mac-F2268DAE,A1312,"iMac11,1"
"iMac11,2","iMac (21.5-inch, Mid 2010)",iMac,,x86-64,2010-07-27,2011-05-03,Mac-F2238AC8,A1311,"iMac11,2"
"iMac11,3","iMac (27-inch, Mid 2010)",iMac,,x86-64,2010-07-27,2011-05-03,Mac-F2238BAE,A1312,"iMac11,3"
"iMac12,1","iMac (21.5-inch, Late 2011)",iMac,,x86-64,2011-08-08,2013-03-05,Mac-942B5BF58194151B,A1311,"iMac12,1-Late-2011"
"iMac12,1","iMac (21.5-inch, Mid 2011)",iMac,,x86-64,2011-05-03,2012-10-23,Mac-942B5BF58194151B,A1311,"iMac12,1-Mid-2011"
"iMac12,2","iMac (27-inch, Mid 2011)",iMac,,x86-64,2011-05-03,2012-10-23,Mac-942B59F58194171B,A1312,"iMac12,2"
"iMac13,1","iMac (21.5-inch, Late 2012)",iMac,,x86-64,2012-10-23,2013-09-24,Mac-00BE6ED71E35EB86,A1418,"iMac13,1"
"iMac13,2","iMac (27-inch, Late 2012)",iMac,,x86-64,2012-10-23,2013-09-24,Mac-FC02E91DDD3FA6A4,A1419,"iMac13,2"
"iMac13,3","iMac (21.5-inch, Early 2013)",iMac,,x86-64,2013-03-05,2014-06-18,Mac-7DF2A3B5E5D671ED,A1418,"iMac13,3"
"iMac14,1","iMac (21.5-inch, Late 2013, Integrated Graphics)",iMac,,x86-64,2013-09-24,2015-10-13,Mac-031B6874CF7F642A,A1418,"iMac14,1"
"iMac14,2","iMac (27-inch, Late 2013)",iMac,,x86-64,2013-09-24,2015-10-13,Mac-27ADBB7B4CEE8E61,A1419,"iMac14,2"
"iMac14,3","iMac (21.5-inch, Late 2013, Dedicated Graphics)",iMac,,x86-64,2013-09-24,2015-10-13,Mac-77EB7D7DAF985301,A1418,"iMac14,3"
"iMac14,4","iMac (21.5-inch, Mid 2014)",iMac,,x86-64,2014-06-18,2015-10-13,Mac-81E3E92DD6088272,A1418,"iMac14,4"
"iMac15,1","iMac (Retina 5K, 27-inch, Late 2014)",iMac,,x86-64,2014-10-16,2015-10-13,Mac-FA842E06C61E91C5,A1419,"iMac15,1-Late-2014"
"iMac15,1","iMac (Retina 5K, 27-inch, Mid 2015)",iMac,,x86-64,2015-05-19,2015-10-13,Mac-42FD25EABCABB274,A1419,"iMac15,1-Mid-2015"
"iMac16,1","iMac (21.5-inch, Late 2015)",iMac,,x86-64,2015-10-13,2017-06-05,Mac-A369DDC4E67F1C45,A1418,"iMac16,1"
"iMac16,2","iMac (21.5-inch, Late 2015)",iMac,,x86-64,2015-10-13,2017-06-05,Mac-FFE5EF870D7BA81A,A1418,"iMac16,2"
"iMac16,2","iMac (Retina 4K, 21.5-inch, Late 2015)",iMac,,x86-64,2015-10-13,2017-06-05,Mac-FFE5EF870D7BA81A,A1418,"iMac16,2-4K"
"iMac17,1","iMac (Retina 5K, 27-inch, Late 2015)",iMac,,x86-64,2015-10-13,2017-06-05,"Mac-65CE76090165799A, Mac-B809C3757DA9BB8D, Mac-DB15BD556843C820",A1419,"iMac17,1"
"iMac18,1","iMac (21.5-inch, 2017)",iMac,,x86-64,2017-06-07,2021-10-30,Mac-4B682C642B45593E,A1418,"iMac18,1"
"iMac18,2","iMac (Retina 4K, 21.5-inch, 2017)",iMac,,x86-64,2017-06-07,2019-03-19,Mac-77F17D7DA9285301,A1418,"iMac18,2"
"iMac18,3","iMac (Retina 5K, 27-inch, 2017)",iMac,,x86-64,2017-06-07,2019-03-19,Mac-BE088AF8C5EB4FA2,A1419,"iMac18,3"
"iMac19,1","iMac (Retina 5K, 27-inch, 2019)",iMac,,x86-64,2019-03-19,2020-08-04,Mac-AA95B1DDAB278B95,A2115,"iMac19,1"
"iMac19,2","iMac (Retina 4K, 21.5-inch, 2019)",iMac,,x86-64,2019-03-19,2021-04-20,Mac-63001698E7A34814,A2116,"iMac19,2"
"iMac20,1","iMac (Retina 5K, 27-inch, 2020)",iMac,,x86-64,2020-08-04,2022-03-08,Mac-CFF7D910A743CAAF,A2115,"iMac20,1"
"iMac20,2","iMac (Retina 5K, 27-inch, 2020, RX 5700/XT)",iMac,,x86-64,2020-08-04,2022-03-08,Mac-AF89B6D9451A490B,A2115,"iMac20,2"
"iMac21,1","iMac (24-inch, M1, 2021, Four Ports)",iMac,M1,arm64e,2021-05-21,2023-10-30,J456AP,A2438,"iMac21,1"
"iMac21,2","iMac (24-inch, M1, 2021, Two Ports)",iMac,M1,arm64e,2021-05-21,2023-10-30,J457AP,A2439,"iMac21,2"
"iMac4,1","iMac (17-inch, Early 2006)",iMac,,x86,2006-01-10,2006-09-06,Mac-F42786C8,A1173,"iMac4,1-17-inch"
"iMac4,1","iMac (20-inch, Early 2006)",iMac,,x86,2006-01-10,2006-09-06,Mac-F42787C8,A1174,"iMac4,1-20-inch"
"iMac4,2","iMac (17-inch, Mid 2006)",iMac,,x86,2006-07-05,2006-09-06,Mac-F4218EC8,A1195,"iMac4,2"
"iMac5,1","iMac (17-inch, Late 2006, Dedicated Graphics)",iMac,,x86-64,2006-09-06,2007-08-07,Mac-F4228EC8,A1208,"iMac5,1-17-inch"
"iMac5,1","iMac (20-inch, Late 2006)",iMac,,x86-64,2006-09-06,2007-08-07,Mac-F42786A9,A1207,"iMac5,1-20-inch"
"iMac5,2","iMac (17-inch, Late 2006, Integrated Graphics)",iMac,,x86-64,2006-09-06,2009-04-07,Mac-F4218EC8,A1195,"iMac5,2"
"iMac6,1","iMac (24-inch, Late 2006)",iMac,,x86-64,2006-09-06,2007-08-07,Mac-F4218FC8,A1200,"iMac6,1"
"iMac7,1","iMac (20-inch, Mid 2007)",iMac,,x86-64,2007-08-07,2008-04-28,Mac-F4238CC8,A1224,"iMac7,1-20-inch"
"iMac7,1","iMac (24-inch, Mid 2007)",iMac,,x86-64,2007-08-07,2008-04-28,Mac-F42386C8,A1225,"iMac7,1-24-inch"
"iMac8,1","iMac (20-inch, Early 2008)",iMac,,x86-64,2008-04-28,2009-03-03,Mac-F226BEC8,A1224,"iMac8,1-20-inch"
"iMac8,1","iMac (24-inch, Early 2008)",iMac,,x86-64,2008-04-28,2009-03-03,Mac-F227BEC8,A1225,"iMac8,1-24-inch"
"iMac9,1","iMac (20-inch, Early 2009)",iMac,,x86-64,2009-03-03,2009-10-20,"Mac-F2218EA9, Mac-F2218EC8",A1224,"iMac9,1-20-inch-Early-2009"
"iMac9,1","iMac (20-inch, Mid 2009)",iMac,,x86-64,2009-04-07,2012-03-07,Mac-F2218EA9,A1224,"iMac9,1-20-inch-Mid-2009"
"iMac9,1","iMac (24-inch, Early 2009)",iMac,,x86-64,2009-03-03,2009-10-20,"Mac-F2218FA9, Mac-F2218FC8",A1225,"iMac9,1-24-inch"
"iMacPro1,1","iMac Pro (Retina 5K, 27-inch, Late 2017)",iMac,,x86-64,2017-12-14,2021-03-19,Mac-7BA5B2D9E42DDD94,A1862,"iMacPro1,1"
"iPad1,1",iPad,iPad,A4,armv7,2010-04-03,2011-03-02,K48AP,"A1219, A1337","iPad1,1"
"iPad11,1",iPad mini (5th generation) Wi-Fi,iPad mini,A12,arm64e,2019-03-18,2021-09-14,J210AP,A2133,"iPad11,1"
"iPad11,2",iPad mini (5th generation) Wi-Fi + Cellular,iPad mini,A12,arm64e,2019-03-18,2021-09-14,J211AP,"A2124, A2125, A2126","iPad11,2"
"iPad11,3",iPad Air (3rd generation) Wi-Fi,iPad Air,A12,arm64e,2019-03-18,2020-09-15,J217AP,A2152,"iPad11,3"
"iPad11,4",iPad Air (3rd generation) Wi-Fi + Cellular,iPad Air,A12,arm64e,2019-03-18,2020-09-15,J218AP,"A2123, A2153, A2154","iPad11,4"
"iPad11,6",iPad (8th generation) Wi-Fi,iPad,A12,arm64e,2020-09-18,2021-09-14,J171aAP,A2270,"iPad11,6"
"iPad11,7",iPad (8th generation) Wi-Fi + Cellular,iPad,A12,arm64e,2020-09-18,2021-09-14,J172aAP,"A2428, A2429, A2430","iPad11,7"
"iPad12,1",iPad (9th generation) Wi-Fi,iPad,A13,arm64e,2021-09-24,2024-05-07,J181AP,A2602,"iPad12,1"
"iPad12,2",iPad (9th generation) Wi-Fi + Cellular,iPad,A13,arm64e,2021-09-24,2024-05-07,J182AP,"A2603, A2604, A2605","iPad12,2"
"iPad13,1",iPad Air (4th generation) Wi-Fi,iPad Air,A14,arm64e,2020-10-23,2022-03-08,J307AP,A2316,"iPad13,1"
"iPad13,10",iPad Pro 12.9-inch (5th generation) Wi-Fi + Cellular,iPad Pro,M1,arm64e,2021-05-21,2022-10-08,J523AP,"A2379, A2461, A2462","iPad13,10"
"iPad13,11",iPad Pro 12.9-inch (5th generation) Wi-Fi + Cellular (1 or 2 TB),iPad Pro,M1,arm64e,2021-05-21,2022-10-08,J523xAP,"A2379, A2461, A2462","iPad13,11"
"iPad13,16",iPad Air (5th generation) Wi-Fi,iPad Air,M1,arm64e,2022-03-18,2024-05-07,J407AP,A2588,"iPad13,16"
"iPad13,17",iPad Air (5th generation) Wi-Fi + Cellular,iPad Air,M1,arm64e,2022-03-18,2024-05-07,J408AP,"A2589, A2591","iPad13,17"
"iPad13,18",iPad (10th generation) Wi-Fi,iPad,A14,arm64e,2022-10-26,2025-03-04,J271AP,A2696,"iPad13,18"
"iPad13,19",iPad (10th generation) Wi-Fi + Cellular,iPad,A14,arm64e,2022-10-26,2025-03-04,J272AP,"A2757, A2777, A3162","iPad13,19"
"iPad13,2",iPad Air (4th generation) Wi-Fi + Cellular,iPad Air,A14,arm64e,2020-10-23,2022-03-08,J308AP,"A2072, A2324, A2325","iPad13,2"
"iPad13,20",Unreleased iPad,iPad,A14,arm64e,,,J381AP,,"iPad13,20"
"iPad13,21",Unreleased iPad,iPad,A14,arm64e,,,J382AP,,"iPad13,21"
"iPad13,4",iPad Pro 11-inch (3rd generation) Wi-Fi,iPad Pro,M1,arm64e,2021-05-21,2022-10-08,J517AP,A2377,"iPad13,4"
"iPad13,5",iPad Pro 11-inch (3rd generation) Wi-Fi (1 or 2 TB),iPad Pro,M1,arm64e,2021-05-21,2022-10-08,J517xAP,A2377,"iPad13,5"
"iPad13,6",iPad Pro 11-inch (3rd generation) Wi-Fi + Cellular,iPad Pro,M1,arm64e,2021-05-21,2022-10-08,J518AP,"A2301, A2459, A2460","iPad13,6"
"iPad13,7",iPad Pro 11-inch (3rd generation) Wi-Fi + Cellular (1 or 2 TB),iPad Pro,M1,arm64e,2021-05-21,2022-10-08,J518xAP,"A2301, A2459, A2460","iPad13,7"
"iPad13,8",iPad Pro 12.9-inch (5th generation) Wi-Fi,iPad Pro,M1,arm64e,2021-05-21,2022-10-08,J522AP,A2378,"iPad13,8"
"iPad13,9",iPad Pro 12.9-inch (5th generation) Wi-Fi (1 or 2 TB),iPad Pro,M1,arm64e,2021-05-21,2022-10-08,J522xAP,A2378,"iPad13,9"
"iPad14,1",iPad mini (6th generation) Wi-Fi,iPad mini,A15,arm64e,2021-09-24,2024-10-15,J310AP,A2567,"iPad14,1"
"iPad14,10",iPad Air 13-inch (M2) Wi-Fi,iPad Air,M2,arm64e,2024-05-15,2025-03-04,J537AP,A2898,"iPad14,10"
"iPad14,11",iPad Air 13-inch (M2) Wi-Fi + Cellular,iPad Air,M2,arm64e,2024-05-15,2025-03-04,J538AP,"A2899, A2900","iPad14,11"
"iPad14,2",iPad mini (6th generation) Wi-Fi + Cellular,iPad mini,A15,arm64e,2021-09-24,2024-10-15,J311AP,"A2568, A2569","iPad14,2"
"iPad14,3",iPad Pro 11-inch (4th generation) Wi-Fi,iPad Pro,M2,arm64e,2022-10-26,2024-05-07,J617AP,A2759,"iPad14,3"
"iPad14,4",iPad Pro 11-inch (4th generation) Wi-Fi + Cellular,iPad Pro,M2,arm64e,2022-10-26,2024-05-07,J618AP,"A2435, A2761, A2762","iPad14,4"
"iPad14,5",iPad Pro 12.9-inch (6th generation) Wi-Fi,iPad Pro,M2,arm64e,2022-10-26,2024-05-07,J620AP,A2436,"iPad14,5"
"iPad14,6",iPad Pro 12.9-inch (6th generation) Wi-Fi + Cellular,iPad Pro,M2,arm64e,2022-10-26,2024-05-07,J621AP,"A2437, A2764, A2766","iPad14,6"
"iPad14,8",iPad Air 11-inch (M2) Wi-Fi,iPad Air,M2,arm64e,2024-05-15,2025-03-04,J507AP,A2902,"iPad14,8"
"iPad14,9",iPad Air 11-inch (M2) Wi-Fi + Cellular,iPad Air,M2,arm64e,2024-05-15,2025-03-04,J508AP,"A2903, A2904","iPad14,9"
"iPad15,3",iPad Air 11-inch (M3) Wi-Fi,iPad Air,M3,arm64e,2025-03-12,2026-03-02,J607AP,A3266,"iPad15,3"
"iPad15,4",iPad Air 11-inch (M3) Wi-Fi + Cellular,iPad Air,M3,arm64e,2025-03-12,2026-03-02,J608AP,"A3267, A3270","iPad15,4"
"iPad15,5",iPad Air 13-inch (M3) Wi-Fi,iPad Air,M3,arm64e,2025-03-12,2026-03-02,J637AP,A3268,"iPad15,5"
"iPad15,6",iPad Air 13-inch (M3) Wi-Fi + Cellular,iPad Air,M3,arm64e,2025-03-12,2026-03-02,J638AP,"A3269, A3271","iPad15,6"
"iPad15,7",iPad (A16) Wi-Fi,iPad,A16,arm64e,2025-03-12,,J481AP,A3354,"iPad15,7"
"iPad15,8",iPad (A16) Wi-Fi + Cellular,iPad,A16,arm64e,2025-03-12,,J482AP,"A3355, A3356","iPad15,8"
"iPad16,1",iPad mini (A17 Pro) Wi-Fi,iPad mini,A17 Pro,arm64e,2024-10-23,,J410AP,A2993,"iPad16,1"
"iPad16,10",iPad Air 13-inch (M4) Wi-Fi,iPad Air,M4,arm64e,2026-03-11,,J737AP,A3461,"iPad16,10"
"iPad16,11",iPad Air 13-inch (M4) Wi-Fi + Cellular,iPad Air,M4,arm64e,2026-03-11,,J738AP,"A3462, A3464","iPad16,11"
"iPad16,2",iPad mini (A17 Pro) Wi-Fi + Cellular,iPad mini,A17 Pro,arm64e,2024-10-23,,J411AP,"A2995, A2996","iPad16,2"
"iPad16,3",iPad Pro 11-inch (M4) Wi-Fi,iPad Pro,M4,arm64e,2024-05-15,2025-10-15,J717AP,A2836,"iPad16,3"
"iPad16,4",iPad Pro 11-inch (M4) Wi-Fi + Cellular,iPad Pro,M4,arm64e,2024-05-15,2025-10-15,J718AP,"A2837, A3006","iPad16,4"
"iPad16,5",iPad Pro 13-inch (M4) Wi-Fi,iPad Pro,M4,arm64e,2024-05-15,2025-10-15,J720AP,A2925,"iPad16,5"
"iPad16,6",iPad Pro 13-inch (M4) Wi-Fi + Cellular,iPad Pro,M4,arm64e,2024-05-15,2025-10-15,J721AP,"A2926, A3007","iPad16,6"
"iPad16,8",iPad Air 11-inch (M4) Wi-Fi,iPad Air,M4,arm64e,2026-03-11,,J707AP,A3459,"iPad16,8"
"iPad16,9",iPad Air 11-inch (M4) Wi-Fi + Cellular,iPad Air,M4,arm64e,2026-03-11,,J708AP,"A3460, A3463","iPad16,9"
"iPad17,1",iPad Pro 11-inch Wi-Fi (M5),iPad Pro,M5,arm64e,2025-10-22,,J817AP,A3357,"iPad17,1"
"iPad17,2",iPad Pro 11-inch Wi-Fi + Cellular (M5),iPad Pro,M5,arm64e,2025-10-22,,J818AP,"A3358, A3359","iPad17,2"
"iPad17,3",iPad Pro 13-inch Wi-Fi (M5),iPad Pro,M5,arm64e,2025-10-22,,J820AP,A3360,"iPad17,3"
"iPad17,4",iPad Pro 13-inch Wi-Fi + Cellular (M5),iPad Pro,M5,arm64e,2025-10-22,,J821AP,"A3361, A3362","iPad17,4"
"iPad2,1",iPad 2 Wi-Fi,iPad,A5,armv7,2011-03-11,2012-03-07,K93AP,A1395,"iPad2,1"
"iPad2,2",iPad 2 Wi-Fi + 3G (GSM),iPad,A5,armv7,2011-03-11,2012-03-07,K94AP,A1396,"iPad2,2"
"iPad2,3",iPad 2 Wi-Fi + 3G (CDMA),iPad,A5,armv7,2011-03-11,2012-03-07,K95AP,A1397,"iPad2,3"
"iPad2,4",iPad 2 Wi-Fi (Mid 2012),iPad,A5,armv7,2012-03-25,2014-03-18,K93aAP,A1395,"iPad2,4"
"iPad2,5",iPad mini Wi-Fi,iPad mini,A5,armv7,2012-11-02,2013-10-22,P105AP,A1432,"iPad2,5"
"iPad2,6",iPad mini Wi-Fi + Cellular,iPad mini,A5,armv7,2012-11-02,2013-10-22,P106AP,A1454,"iPad2,6"
"iPad2,7",iPad mini Wi-Fi + Cellular (MM),iPad mini,A5,armv7,2012-11-02,2013-10-22,P107AP,A1455,"iPad2,7"
"iPad3,1",iPad (3rd generation) Wi-Fi,iPad,A5X,armv7,2012-03-16,2012-10-23,J1AP,A1416,"iPad3,1"
"iPad3,2",iPad (3rd generation) Wi-Fi + Cellular (VZ),iPad,A5X,armv7,2012-03-16,2012-10-23,J2AP,A1403,"iPad3,2"
"iPad3,3",iPad (3rd generation) Wi-Fi + Cellular,iPad,A5X,armv7,2012-03-16,2012-10-23,J2aAP,A1430,"iPad3,3"
"iPad3,4",iPad (4th generation) Wi-Fi,iPad,A6X,armv7s,2012-11-02,2013-10-22,P101AP,A1458,"iPad3,4"
"iPad3,5",iPad (4th generation) Wi-Fi + Cellular,iPad,A6X,armv7s,2012-11-02,2013-10-22,P102AP,A1459,"iPad3,5"
"iPad3,6",iPad (4th generation) Wi-Fi + Cellular (MM),iPad,A6X,armv7s,2012-11-02,2013-10-22,P103AP,A1460,"iPad3,6"
"iPad4,1",iPad Air Wi-Fi,iPad Air,A7,arm64,2013-11-01,2014-10-16,J71AP,A1474,"iPad4,1"
"iPad4,2",iPad Air Wi-Fi + Cellular,iPad Air,A7,arm64,2013-11-01,2014-10-16,J72AP,A1475,"iPad4,2"
"iPad4,3",iPad Air Wi-Fi + Cellular (TD-LTE),iPad Air,A7,arm64,2014-04-01,2014-10-16,J73AP,A1476,"iPad4,3"
"iPad4,4",iPad mini 2 Wi-Fi,iPad mini,A7,arm64,2013-11-12,2014-10-16,J85AP,A1489,"iPad4,4"
"iPad4,5",iPad mini 2 Wi-Fi + Cellular,iPad mini,A7,arm64,2013-11-12,2014-10-16,J86AP,A1490,"iPad4,5"
"iPad4,6",iPad mini 2 Wi-Fi + Cellular (TD-LTE),iPad mini,A7,arm64,2014-04-01,2014-10-16,J87AP,A1491,"iPad4,6"
"iPad4,7",iPad mini 3 Wi-Fi,iPad mini,A7,arm64,2014-10-22,2015-09-09,J85mAP,A1599,"iPad4,7"
"iPad4,8",iPad mini 3 Wi-Fi + Cellular,iPad mini,A7,arm64,2014-10-22,2015-09-09,J86mAP,A1600,"iPad4,8"
"iPad4,9",iPad mini 3 Wi-Fi + Cellular (TD-LTE),iPad mini,A7,arm64,2014-12-11,2015-09-09,J87mAP,A1601,"iPad4,9"
"iPad5,1",iPad mini 4 Wi-Fi,iPad mini,A8,arm64,2015-09-09,2016-09-07,J96AP,A1538,"iPad5,1"
"iPad5,2",iPad mini 4 Wi-Fi + Cellular,iPad mini,A8,arm64,2015-09-09,2016-09-07,J97AP,A1550,"iPad5,2"
"iPad5,3",iPad Air 2 Wi-Fi,iPad Air,A8X,arm64,2014-10-22,2016-03-21,J81AP,A1566,"iPad5,3"
"iPad5,4",iPad Air 2 Wi-Fi + Cellular,iPad Air,A8X,arm64,2014-10-22,2016-03-21,J82AP,A1567,"iPad5,4"
"iPad5,5",Unreleased iPad Pro,iPad Pro,A8X,arm64,,,J98AP,,"iPad5,5"
"iPad5,6",Unreleased iPad Pro,iPad Pro,A8X,arm64,,,J99AP,,"iPad5,6"
"iPad6,1",Unreleased iPad mini,iPad mini,A9,arm64,,,J111AP,,"iPad6,1"
"iPad6,11",iPad (5th generation) Wi-Fi,iPad,A9,arm64,2017-03-24,2018-03-27,"J71sAP, J71tAP",A1822,"iPad6,11"
"iPad6,12",iPad (5th generation) Wi-Fi + Cellular,iPad,A9,arm64,2017-03-24,2018-03-27,"J72sAP, J72tAP",A1823,"iPad6,12"
"iPad6,2",Unreleased iPad mini,iPad mini,A9,arm64,,,J112AP,,"iPad6,2"
"iPad6,3",iPad Pro (9.7-inch) Wi-Fi,iPad Pro,A9X,arm64,2016-03-31,2017-06-05,J127AP,A1673,"iPad6,3"
"iPad6,4",iPad Pro (9.7-inch) Wi-Fi + Cellular,iPad Pro,A9X,arm64,2016-03-31,2017-06-05,J128AP,"A1674, A1675","iPad6,4"
"iPad6,7",iPad Pro (12.9-inch) (1st generation) Wi-Fi,iPad Pro,A9X,arm64,2015-11-11,2017-06-05,J98aAP,A1584,"iPad6,7"
"iPad6,8",iPad Pro (12.9-inch) (1st generation) Wi-Fi + Cellular,iPad Pro,A9X,arm64,2015-11-11,2017-06-05,J99aAP,A1652,"iPad6,8"
"iPad7,1",iPad Pro (12.9-inch) (2nd generation) Wi-Fi,iPad Pro,A10X,arm64,2017-06-13,2018-10-30,J120AP,A1670,"iPad7,1"
"iPad7,11",iPad (7th generation) Wi-Fi,iPad,A10,arm64,2019-09-25,2020-09-15,J171AP,A2197,"iPad7,11"
"iPad7,12",iPad (7th generation) Wi-Fi + Cellular,iPad,A10,arm64,2019-09-25,2020-09-15,J172AP,"A2198, A2199, A2200","iPad7,12"
"iPad7,2",iPad Pro (12.9-inch) (2nd generation) Wi-Fi + Cellular,iPad Pro,A10X,arm64,2017-06-13,2018-10-30,J121AP,"A1671, A1821","iPad7,2"
"iPad7,3",iPad Pro (10.5-inch) Wi-Fi,iPad Pro,A10X,arm64,2017-06-13,2019-03-18,J207AP,A1701,"iPad7,3"
"iPad7,4",iPad Pro (10.5-inch) Wi-Fi + Cellular,iPad Pro,A10X,arm64,2017-06-13,2019-03-18,J208AP,"A1709, A1852","iPad7,4"
"iPad7,5",iPad (6th generation) Wi-Fi,iPad,A10,arm64,2018-03-30,2019-09-10,J71bAP,A1893,"iPad7,5"
"iPad7,6",iPad (6th generation) Wi-Fi + Cellular,iPad,A10,arm64,2018-03-30,2019-09-10,J72bAP,A1954,"iPad7,6"
"iPad8,1",iPad Pro 11-inch (1st generation) Wi-Fi,iPad Pro,A12X,arm64e,2018-11-07,2020-03-18,J317AP,A1980,"iPad8,1"
"iPad8,10",iPad Pro 11-inch (2nd generation) Wi-Fi + Cellular,iPad Pro,A12Z,arm64e,2020-03-25,2021-04-20,J418AP,"A2068, A2230, A2231","iPad8,10"
"iPad8,11",iPad Pro 12.9-inch (4th generation) Wi-Fi,iPad Pro,A12Z,arm64e,2020-03-25,2021-04-20,J420AP,A2229,"iPad8,11"
"iPad8,12",iPad Pro 12.9-inch (4th generation) Wi-Fi + Cellular,iPad Pro,A12Z,arm64e,2020-03-25,2021-04-20,J421AP,"A2069, A2232, A2233","iPad8,12"
"iPad8,2",iPad Pro 11-inch (1st generation) Wi-Fi (1TB),iPad Pro,A12X,arm64e,2018-11-07,2020-03-18,J317xAP,A1980,"iPad8,2"
"iPad8,3",iPad Pro 11-inch (1st generation) Wi-Fi + Cellular,iPad Pro,A12X,arm64e,2018-11-07,2020-03-18,J318AP,"A1934, A1979, A2013","iPad8,3"
"iPad8,4",iPad Pro 11-inch (1st generation) Wi-Fi + Cellular (1TB),iPad Pro,A12X,arm64e,2018-11-07,2020-03-18,J318xAP,"A1934, A1979, A2013","iPad8,4"
"iPad8,5",iPad Pro 12.9-inch (3rd generation) Wi-Fi,iPad Pro,A12X,arm64e,2018-11-07,2020-03-18,J320AP,A1876,"iPad8,5"
"iPad8,6",iPad Pro 12.9-inch (3rd generation) Wi-Fi (1TB),iPad Pro,A12X,arm64e,2018-11-07,2020-03-18,J320xAP,A1876,"iPad8,6"
"iPad8,7",iPad Pro 12.9-inch (3rd generation) Wi-Fi + Cellular,iPad Pro,A12X,arm64e,2018-11-07,2020-03-18,J321AP,"A1895, A1983, A2014","iPad8,7"
"iPad8,8",iPad Pro 12.9-inch (3rd generation) Wi-Fi + Cellular (1TB),iPad Pro,A12X,arm64e,2018-11-07,2020-03-18,J321xAP,"A1895, A1983, A2014","iPad8,8"
"iPad8,9",iPad Pro 11-inch (2nd generation) Wi-Fi,iPad Pro,A12Z,arm64e,2020-03-25,2021-04-20,J417AP,A2228,"iPad8,9"
"iPhone1,1",iPhone,iPhone,APL0098,armv6,2007-06-29,2007-09-05,M68AP,A1203,"iPhone1,1"
"iPhone1,2",iPhone 3G,iPhone,APL0098,armv6,2008-07-11,2009-06-08,N82AP,"A1241, A1324","iPhone1,2"
"iPhone10,1",iPhone 8 (CDMA),iPhone,A11,arm64,2017-09-22,2019-09-10,D20AP,"A1863, A1906, A1907","iPhone10,1"
"iPhone10,2",iPhone 8 Plus (CDMA),iPhone,A11,arm64,2017-09-22,2019-09-10,D21AP,"A1864, A1898, A1899","iPhone10,2"
"iPhone10,3",iPhone X (CDMA),iPhone,A11,arm64,2017-11-03,2018-09-12,D22AP,"A1865, A1902, A1903","iPhone10,3"
"iPhone10,4",iPhone 8 (GSM),iPhone,A11,arm64,2017-09-22,2019-09-10,D201AP,A1905,"iPhone10,4"
"iPhone10,5",iPhone 8 Plus (GSM),iPhone,A11,arm64,2017-09-22,2019-09-10,D211AP,A1897,"iPhone10,5"
"iPhone10,6",iPhone X (GSM),iPhone,A11,arm64,2017-11-03,2018-09-12,D221AP,A1901,"iPhone10,6"
"iPhone11,2",iPhone XS,iPhone,A12,arm64e,2018-09-21,2019-09-10,D321AP,"A1920, A2097, A2098, A2099, A2100","iPhone11,2"
"iPhone11,4",iPhone XS Max (China mainland),iPhone,A12,arm64e,2018-09-21,2019-09-10,D331AP,A2103,"iPhone11,4"
"iPhone11,6",iPhone XS Max,iPhone,A12,arm64e,2018-09-21,2019-09-10,D331pAP,"A1921, A2101, A2102, A2104","iPhone11,6"
"iPhone11,8",iPhone XR,iPhone,A12,arm64e,2018-10-26,2019-09-10,N841AP,"A1984, A2105, A2106, A2107, A2108","iPhone11,8"
"iPhone12,1",iPhone 11,iPhone,A13,arm64e,2019-09-20,2021-09-14,N104AP,"A2111, A2221, A2222, A2223","iPhone12,1"
"iPhone12,3",iPhone 11 Pro,iPhone,A13,arm64e,2019-09-20,2020-10-13,D421AP,"A2160, A2215, A2216, A2217","iPhone12,3"
"iPhone12,5",iPhone 11 Pro Max,iPhone,A13,arm64e,2019-09-20,2020-10-13,D431AP,"A2161, A2218, A2219, A2220","iPhone12,5"
"iPhone12,8",iPhone SE (2nd generation),iPhone,A13,arm64e,2020-04-24,2021-09-14,D79AP,"A2275, A2296, A2297, A2298","iPhone12,8"
"iPhone13,1",iPhone 12 mini,iPhone,A14,arm64e,2020-11-13,2022-09-07,D52gAP,"A2176, A2398, A2399, A2400, A2401","iPhone13,1"
"iPhone13,2",iPhone 12,iPhone,A14,arm64e,2020-10-23,2023-09-12,D53gAP,"A2172, A2402, A2403, A2404, A2405","iPhone13,2"
"iPhone13,3",iPhone 12 Pro,iPhone,A14,arm64e,2020-10-23,2021-09-14,D53pAP,"A2341, A2406, A2407, A2408, A2409","iPhone13,3"
"iPhone13,4",iPhone 12 Pro Max,iPhone,A14,arm64e,2020-11-13,2021-09-14,D54pAP,"A2342, A2410, A2411, A2412, A2413","iPhone13,4"
"iPhone14,2",iPhone 13 Pro,iPhone,A15,arm64e,2021-09-24,2022-09-07,D63AP,"A2483, A2636, A2638, A2639, A2640","iPhone14,2"
"iPhone14,3",iPhone 13 Pro Max,iPhone,A15,arm64e,2021-09-24,2022-09-07,D64AP,"A2484, A2641, A2643, A2644, A2645","iPhone14,3"
"iPhone14,4",iPhone 13 mini,iPhone,A15,arm64e,2021-09-24,2023-09-12,D16AP,"A2481, A2626, A2628, A2629, A2630","iPhone14,4"
"iPhone14,5",iPhone 13,iPhone,A15,arm64e,2021-09-24,2024-09-09,D17AP,"A2482, A2631, A2633, A2634, A2635","iPhone14,5"
"iPhone14,6",iPhone SE (3rd generation),iPhone,A15,arm64e,2022-03-18,2025-02-19,D49AP,"A2595, A2782, A2783, A2784, A2785","iPhone14,6"
"iPhone14,7",iPhone 14,iPhone,A15,arm64e,2022-09-16,2025-02-19,D27AP,"A2649, A2881, A2882, A2883, A2884","iPhone14,7"
"iPhone14,8",iPhone 14 Plus,iPhone,A15,arm64e,2022-10-07,2025-02-19,D28AP,"A2632, A2885, A2886, A2887, A2888","iPhone14,8"
"iPhone15,2",iPhone 14 Pro,iPhone,A16,arm64e,2022-09-16,2023-09-12,D73AP,"A2650, A2889, A2890, A2891, A2892","iPhone15,2"
"iPhone15,3",iPhone 14 Pro Max,iPhone,A16,arm64e,2022-09-16,2023-09-12,D74AP,"A2651, A2893, A2894, A2895, A2896","iPhone15,3"
"iPhone15,4",iPhone 15,iPhone,A16,arm64e,2023-09-22,2025-09-09,D37AP,"A2846, A3089, A3090, A3092","iPhone15,4"
"iPhone15,5",iPhone 15 Plus,iPhone,A16,arm64e,2023-09-22,2025-09-09,D38AP,"A2847, A3093, A3094, A3096","iPhone15,5"
"iPhone16,1",iPhone 15 Pro,iPhone,A17 Pro,arm64e,2023-09-22,2024-09-09,D83AP,"A2848, A3101, A3102, A3104","iPhone16,1"
"iPhone16,2",iPhone 15 Pro Max,iPhone,A17 Pro,arm64e,2023-09-22,2024-09-09,D84AP,"A2849, A3105, A3106, A3108","iPhone16,2"
"iPhone17,1",iPhone 16 Pro,iPhone,A18 Pro,arm64e,2024-09-20,2025-09-09,D93AP,"A3083, A3292, A3293, A3294","iPhone17,1"
"iPhone17,2",iPhone 16 Pro Max,iPhone,A18 Pro,arm64e,2024-09-20,2025-09-09,D94AP,"A3084, A3295, A3296, A3297","iPhone17,2"
"iPhone17,3",iPhone 16,iPhone,A18,arm64e,2024-09-20,,D47AP,"A3081, A3286, A3287, A3288","iPhone17,3"
"iPhone17,4",iPhone 16 Plus,iPhone,A18,arm64e,2024-09-20,2026-09-09,D48AP,"A3082, A3289, A3290, A3291","iPhone17,4"
"iPhone17,5",iPhone 16e,iPhone,A18,arm64e,2025-02-28,2026-03-02,V59AP,"A3212, A3408, A3409, A3410","iPhone17,5"
"iPhone18,1",iPhone 17 Pro,iPhone,A19 Pro,arm64e,2025-09-19,2026-09-09,V53AP,"A3256, A3522, A3523, A3524","iPhone18,1"
"iPhone18,2",iPhone 17 Pro Max,iPhone,A19 Pro,arm64e,2025-09-19,2026-09-09,V54AP,"A3257, A3525, A3526, A3527","iPhone18,2"
"iPhone18,3",iPhone 17,iPhone,A19,arm64e,2025-09-19,,V57AP,"A3258, A3519, A3520, A3521","iPhone18,3"
"iPhone18,4",iPhone Air,iPhone,A19 Pro,arm64e,2025-09-19,,D23AP,"A3260, A3516, A3517, A3518","iPhone18,4"
"iPhone18,5",iPhone 17e,iPhone,A19,arm64e,2026-03-11,,V159AP,"A3575, A3634, A3635","iPhone18,5"
"iPhone19,2",iPhone 18 Pro,iPhone,A20 Pro,arm64e.x1,2026-09-18,,V63AP,"A3472, A3713, A3714, A3715","iPhone19,2"
"iPhone19,3",iPhone 18 Pro Max (US),iPhone,A20 Pro,arm64e.x1,2026-09-18,,V64AP,A3473,"iPhone19,3"
"iPhone19,4",iPhone Duo,iPhone,A20 Pro,arm64e.x1,2026-10-23,,V68AP,"A3447, A3719, A3720, A3721","iPhone19,4"
"iPhone19,7",iPhone 18 Pro Max (Global),iPhone,A20 Pro,arm64e.x1,2026-09-18,,V64sAP,"A3716, A3717, A3718","iPhone19,7"
"iPhone2,1",iPhone 3GS,iPhone,APL0298,armv7,2009-06-19,2010-06-07,N88AP,"A1303, A1325","iPhone2,1"
"iPhone3,1",iPhone 4 (GSM),iPhone,A4,armv7,2010-06-24,2011-10-04,N90AP,A1332,"iPhone3,1"
"iPhone3,2","iPhone 4 (GSM, 2012)",iPhone,A4,armv7,2012-09-21,2013-09-10,N90bAP,A1332,"iPhone3,2"
"iPhone3,3",iPhone 4 (CDMA),iPhone,A4,armv7,2011-02-10,2011-10-04,N92AP,A1349,"iPhone3,3"
"iPhone4,1",iPhone 4S,iPhone,A5,armv7,2011-10-14,2012-09-12,N94AP,"A1387, A1431","iPhone4,1"
"iPhone5,1",iPhone 5 (GSM),iPhone,A6,armv7s,2012-09-21,2013-09-10,N41AP,"A1428, A1429","iPhone5,1"
"iPhone5,2",iPhone 5 (CDMA),iPhone,A6,armv7s,2012-09-21,2013-09-10,N42AP,"A1429, A1442","iPhone5,2"
"iPhone5,3",iPhone 5c (GSM),iPhone,A6,armv7s,2013-09-20,2014-09-09,N48AP,"A1456, A1532","iPhone5,3"
"iPhone5,4",iPhone 5c (CDMA),iPhone,A6,armv7s,2013-09-20,2014-09-09,N49AP,"A1507, A1516, A1526, A1529","iPhone5,4"
"iPhone6,1",iPhone 5s (GSM),iPhone,A7,arm64,2013-09-20,2014-09-09,N51AP,"A1453, A1533","iPhone6,1"
"iPhone6,2",iPhone 5s (CDMA),iPhone,A7,arm64,2013-09-20,2014-09-09,N53AP,"A1457, A1518, A1528, A1530","iPhone6,2"
"iPhone7,1",iPhone 6 Plus,iPhone,A8,arm64,2014-09-19,2015-09-09,N56AP,"A1522, A1524, A1593","iPhone7,1"
"iPhone7,2",iPhone 6,iPhone,A8,arm64,2014-09-19,2015-09-09,N61AP,"A1549, A1586, A1589","iPhone7,2"
"iPhone8,1",iPhone 6s,iPhone,A9,arm64,2015-09-25,2016-09-07,"N71AP, N71mAP","A1633, A1688, A1691, A1700","iPhone8,1"
"iPhone8,2",iPhone 6s Plus,iPhone,A9,arm64,2015-09-25,2016-09-07,"N66AP, N66mAP","A1634, A1687, A1690, A1699","iPhone8,2"
"iPhone8,4",iPhone SE (1st generation),iPhone,A9,arm64,2016-03-31,2017-03-21,"N69AP, N69uAP","A1662, A1723, A1724","iPhone8,4"
"iPhone9,1",iPhone 7 (CDMA),iPhone,A10,arm64,2016-09-16,2017-09-12,D10AP,"A1660, A1779, A1780","iPhone9,1"
"iPhone9,2",iPhone 7 Plus (CDMA),iPhone,A10,arm64,2016-09-16,2017-09-12,D11AP,"A1661, A1785, A1786","iPhone9,2"
"iPhone9,3",iPhone 7 (GSM),iPhone,A10,arm64,2016-09-16,2017-09-12,D101AP,A1778,"iPhone9,3"
"iPhone9,4",iPhone 7 Plus (GSM),iPhone,A10,arm64,2016-09-16,2017-09-12,D111AP,A1784,"iPhone9,4"
"iPhone99,11",virtual machine for iPhone Research Environment,Simulator,,,,,VPHONE600AP,,"iPhone99,11"
"iPod1,1",iPod touch (1st generation),iPod touch,APL0098,armv6,2007-09-05,2008-09-09,N45AP,A1213,"iPod1,1"
"iPod2,1",iPod touch (2nd generation),iPod touch,APL0278,armv6,2008-09-09,2009-09-09,N72AP,"A1288, A1319","iPod2,1"
"iPod2,2","Unreleased iPod touch (2nd generation, Rev. A)",iPod touch,,,,,N72BAP,,"iPod2,2"
"iPod3,1",iPod touch (3rd generation),iPod touch,APL2298,armv7,2009-09-09,2010-09-01,N18AP,A1318,"iPod3,1"
"iPod4,1",iPod touch (4th generation),iPod touch,A4,armv7,2010-09-12,2011-10-04,N81AP,A1367,"iPod4,1"
"iPod4,2",Unreleased iPod touch,iPod touch,,,,,,,"iPod4,2"
"iPod5,1",iPod touch (5th generation),iPod touch,A5,armv7,2012-10-11,2013-09-10,N78AP,"A1421, A1509","iPod5,1"
"iPod7,1",iPod touch (6th generation),iPod touch,A8,arm64,2015-07-15,2017-07-15,N102AP,A1574,"iPod7,1"
"iPod9,1",iPod touch (7th generation),iPod touch,A10,arm64,2019-05-28,2022-05-10,N112AP,A2178,"iPod9,1"
"iProd8,1","AirPods Pro (Left, 1st generation)",AirPods,H1,armv7,2019-10-30,2022-09-07,B298AP,A2083,"AirPodsPro1,1-left"
"iProd8,1","AirPods Pro (Right, 1st generation)",AirPods,H1,armv7,2019-10-30,2022-09-07,B298AP,A2084,"AirPodsPro1,1-right"
"iProd8,6",AirPods Max,AirPods,H1,armv7,2020-12-15,2024-09-09,B515AP,A2096,"AirPodsMax1,1"
"iProd9,4",Network Adapter,Security,,,,,Z41aAP,A2282,"iProd9,4"
